study,year,location,state,cultivar,data_sowing,group,active_ingredient,n,sev_check,yld_check,region,mean_sev,mean_yld,log_sev,vi_sev
1,2012,Dourados,MS,BRS 208,16/03/2012,check,AACHECK,4,73.57499999999999,1097,North,73.57499999999999,1097,4.298305294119536,0.002127011333622298
1,2012,Dourados,MS,BRS 208,16/03/2012,DMI,TEBU,4,73.57499999999999,1097,North,53.1,1528,3.9721769282478934,0.0040835822122396335
1,2012,Dourados,MS,BRS 208,16/03/2012,QoI+DMI,AZOX+TEBU,4,73.57499999999999,1097,North,56.5375,1340,4.020082473616768,0.003933763744351508
1,2012,Dourados,MS,BRS 208,16/03/2012,QoI+DMI,PYRA+EPOX,4,73.57499999999999,1097,North,62.400000000000006,1315,4.1278972490674075,0.0030589722483558976
1,2012,Dourados,MS,BRS 208,16/03/2012,QoI+DMI,TFLX+PROT,4,73.57499999999999,1097,North,68.55,1242,4.227563406008323,0.002450278375807507
1,2012,Dourados,MS,BRS 208,16/03/2012,QoI+DMI,TFLX+TEBU,4,73.57499999999999,1097,North,62.6,1450,4.136765278106052,0.0029382021969839934
2,2012,Palotina,PR,BRS 208,15/04/2012,check,AACHECK,4,28.64,1219.375,South,28.64,1219.375,3.3548043420924447,0.010334479526292448
2,2012,Palotina,PR,BRS 208,15/04/2012,DMI,TEBU,4,28.64,1219.375,South,18.06,1570.835,2.8936995479888394,0.02598957301688346
2,2012,Palotina,PR,BRS 208,15/04/2012,QoI+DMI,AZOX+TEBU,4,28.64,1219.375,South,12.228750000000002,1555.5212499999998,2.4933090037942756,0.06033842087799411
2,2012,Palotina,PR,BRS 208,15/04/2012,QoI+DMI,PYRA+EPOX,4,28.64,1219.375,South,16.56375,1553.5425,2.806861615180777,0.03096292779989577
2,2012,Palotina,PR,BRS 208,15/04/2012,QoI+DMI,TFLX+PROT,4,28.64,1219.375,South,10.6675,1731.4575,2.367201736080018,0.07449194834134455
2,2012,Palotina,PR,BRS 208,15/04/2012,QoI+DMI,TFLX+TEBU,4,28.64,1219.375,South,17.945,1540.0825,2.8873115245995704,0.026323747184380897
3,2012,Londrina,PR,MARFIM,07/04/2012,check,AACHECK,4,92.8625,495.1225,South,92.8625,495.1225,4.531119904477925,0.0012620985646019875
3,2012,Londrina,PR,MARFIM,07/04/2012,DMI,TEBU,4,92.8625,495.1225,South,57.2375,1022.31,4.047209277983214,0.003322100009554182
3,2012,Londrina,PR,MARFIM,07/04/2012,QoI+DMI,AZOX+TEBU,4,92.8625,495.1225,South,58.59375,985.27,4.070590709411574,0.003170798827833642
3,2012,Londrina,PR,MARFIM,07/04/2012,QoI+DMI,PYRA+EPOX,4,92.8625,495.1225,South,75.6625,732.3187499999999,4.326231879150036,0.0019017129479759678
3,2012,Londrina,PR,MARFIM,07/04/2012,QoI+DMI,TFLX+PROT,4,92.8625,495.1225,South,60.025,885.4,4.094761142107317,0.003020714484612081
3,2012,Londrina,PR,MARFIM,07/04/2012,QoI+DMI,TFLX+TEBU,4,92.8625,495.1225,South,52.9875,933.99,3.9700560366787556,0.0038763872493498613
4,2012,Planaltina,DF,BRS 208,09/03/2012,check,AACHECK,4,16.05,1747.4375,North,16.05,1747.4375,2.775708849576025,0.025435539339592087
4,2012,Planaltina,DF,BRS 208,09/03/2012,DMI,TEBU,4,16.05,1747.4375,North,8.05,2191.625,2.0856720914304723,0.10111119976431882
4,2012,Planaltina,DF,BRS 208,09/03/2012,QoI+DMI,AZOX+TEBU,4,16.05,1747.4375,North,8.875,2073.4375,2.1645477432890132,0.09293355889256313
4,2012,Planaltina,DF,BRS 208,09/03/2012,QoI+DMI,PYRA+EPOX,4,16.05,1747.4375,North,14.9,1885.875,2.7013612129514133,0.029513348600185896
4,2012,Planaltina,DF,BRS 208,09/03/2012,QoI+DMI,TFLX+PROT,4,16.05,1747.4375,North,12.725,2007.9375,2.5435685624365862,0.040464617769591885
4,2012,Planaltina,DF,BRS 208,09/03/2012,QoI+DMI,TFLX+TEBU,4,16.05,1747.4375,North,9.5,2279.375,2.2512917986064953,0.0726012024678922
5,2012,Itaberá,SP,BRS 208,20/02/2012,check,AACHECK,4,4.4799999999999995,2148.3075,South,4.4799999999999995,2148.3075,1.4996230464268936,0.010019049851573746
5,2012,Itaberá,SP,BRS 208,20/02/2012,DMI,TEBU,4,4.4799999999999995,2148.3075,South,3.28,2579.27,1.1878434223960523,0.018691100734405275
5,2012,Itaberá,SP,BRS 208,20/02/2012,QoI+DMI,AZOX+TEBU,4,4.4799999999999995,2148.3075,South,2.4725,2585.665,0.9050989042316087,0.032919329333656835
5,2012,Itaberá,SP,BRS 208,20/02/2012,QoI+DMI,PYRA+EPOX,4,4.4799999999999995,2148.3075,South,2.29375,2479.1575000000003,0.8297386480019822,0.038323136311056105
5,2012,Itaberá,SP,BRS 208,20/02/2012,QoI+DMI,TFLX+PROT,4,4.4799999999999995,2148.3075,South,2.7800000000000002,2482.5925,1.0224509277025458,0.026019142143396515
5,2012,Itaberá,SP,BRS 208,20/02/2012,QoI+DMI,TFLX+TEBU,4,4.4799999999999995,2148.3075,South,2.2025,2660.9625,0.7895930788281976,0.041452500322180716
6,2013,Dourados,MS,BRS 208,28/03/2013,check,AACHECK,4,18.825,506,North,18.825,506,2.9351857736859572,0.0034048863253955267
6,2013,Dourados,MS,BRS 208,28/03/2013,DMI,TEBU,4,18.825,506,North,9.45,964,2.2460147415056513,0.01351166813972308
6,2013,Dourados,MS,BRS 208,28/03/2013,DTC,MANC,4,18.825,506,North,8.025,957,2.0825616690160795,0.018736242762358593
6,2013,Dourados,MS,BRS 208,28/03/2013,QoI+DMI,AZOX+TEBU,4,18.825,506,North,11.75,764,2.463853240590168,0.008739706611481176
6,2013,Dourados,MS,BRS 208,28/03/2013,QoI+DMI,PYRA+EPOX,4,18.825,506,North,14.325,559,2.662006262600803,0.005880081230948812
6,2013,Dourados,MS,BRS 208,28/03/2013,QoI+DMI,TFLX+PROT,4,18.825,506,North,10.75,726,2.3749057545736716,0.010441326070720347
6,2013,Dourados,MS,BRS 208,28/03/2013,QoI+DMI,TFLX+TEBU,4,18.825,506,North,9.625,751,2.264363880173848,0.013024801419977684
7,2013,Patos de Minas,MG,BRS 208,11/04/2013,check,AACHECK,4,13.075,1562.75,North,13.075,1562.75,2.5707020099509865,0.005152181710572228
7,2013,Patos de Minas,MG,BRS 208,11/04/2013,DMI,TEBU,4,13.075,1562.75,North,5.725,1925.5,1.7448425494403033,0.0268734599094432
7,2013,Patos de Minas,MG,BRS 208,11/04/2013,DTC,MANC,4,13.075,1562.75,North,8.3,1572.5,2.1162555148025524,0.01278551958839373
7,2013,Patos de Minas,MG,BRS 208,11/04/2013,QoI+DMI,AZOX+TEBU,4,13.075,1562.75,North,7.05,1650.75,1.9496904650395384,0.018078939619949372
7,2013,Patos de Minas,MG,BRS 208,11/04/2013,QoI+DMI,PYRA+EPOX,4,13.075,1562.75,North,8.725,1536.25,2.1661924680884908,0.011570275376319659
7,2013,Patos de Minas,MG,BRS 208,11/04/2013,QoI+DMI,TFLX+PROT,4,13.075,1562.75,North,5.1,1936.75,1.62924053973028,0.0338636849075142
7,2013,Patos de Minas,MG,BRS 208,11/04/2013,QoI+DMI,TFLX+TEBU,4,13.075,1562.75,North,6.6,1642,1.8870696490323797,0.0202202581369248
8,2013,Planaltina,DF,BRS 208,14/03/2013,check,AACHECK,4,22.175,3250.75,North,22.175,3250.75,3.0989655281956434,0.01122964936340908
8,2013,Planaltina,DF,BRS 208,14/03/2013,DMI,TEBU,4,22.175,3250.75,North,21.275,3498.75,3.0575326744594378,0.012199845070636468
8,2013,Planaltina,DF,BRS 208,14/03/2013,DTC,MANC,4,22.175,3250.75,North,16.175,3874.75,2.7834668403869642,0.021105948510423807
8,2013,Planaltina,DF,BRS 208,14/03/2013,QoI+DMI,AZOX+TEBU,4,22.175,3250.75,North,17.6625,3380.25,2.8683486448336715,0.01803174185859746
8,2013,Planaltina,DF,BRS 208,14/03/2013,QoI+DMI,PYRA+EPOX,4,22.175,3250.75,North,15.325,3343.75,2.729485481822275,0.023512157735204344
8,2013,Planaltina,DF,BRS 208,14/03/2013,QoI+DMI,TFLX+PROT,4,22.175,3250.75,North,16.225,3522.75,2.7865532625901537,0.020976066058722553
8,2013,Planaltina,DF,BRS 208,14/03/2013,QoI+DMI,TFLX+TEBU,4,22.175,3250.75,North,16.1,3328,2.7788192719904172,0.021303045792986378
9,2013,Itaberá,SP,QUARTZO,15/02/2013,check,AACHECK,4,59.87,967.105,South,59.87,967.105,4.092175544937261,0.0034640687032743804
9,2013,Itaberá,SP,QUARTZO,15/02/2013,DMI,TEBU,4,59.87,967.105,South,51.322500000000005,1437.795,3.9381292525126255,0.004713998134894995
9,2013,Itaberá,SP,QUARTZO,15/02/2013,DTC,MANC,4,59.87,967.105,South,57.06,2244.155,4.044103345785354,0.0038136556690799807
9,2013,Itaberá,SP,QUARTZO,15/02/2013,QoI+DMI,AZOX+TEBU,4,59.87,967.105,South,59.65375,1217.2949999999998,4.087942157292655,0.003502120047446395
9,2013,Itaberá,SP,QUARTZO,15/02/2013,QoI+DMI,PYRA+EPOX,4,59.87,967.105,South,58.585,1138.9775,4.070478691120119,0.0036176966241485884
9,2013,Itaberá,SP,QUARTZO,15/02/2013,QoI+DMI,TFLX+PROT,4,59.87,967.105,South,49.6575,1501.5825,3.9051494364849737,0.005035415478889082
9,2013,Itaberá,SP,QUARTZO,15/02/2013,QoI+DMI,TFLX+TEBU,4,59.87,967.105,South,62.55,1293.1525,4.13596623691292,0.003173586829088997
10,2014,Patos de Minas,MG,BRS 208,12/03/2014,check,AACHECK,4,3.175,2740,North,3.175,2740,1.155307632344655,0.09619860509562299
10,2014,Patos de Minas,MG,BRS 208,12/03/2014,DMI,TEBU,4,3.175,2740,North,0.125,2994.5,-2.0794415416798357,62.06349206349213
10,2014,Patos de Minas,MG,BRS 208,12/03/2014,DTC,MANC,4,3.175,2740,North,0.1,3077,-2.3025850929940455,96.97420634920643
10,2014,Patos de Minas,MG,BRS 208,12/03/2014,QoI+DMI,AZOX+TEBU,4,3.175,2740,North,0.125,3035.5,-2.0794415416798357,62.06349206349213
10,2014,Patos de Minas,MG,BRS 208,12/03/2014,QoI+DMI,TFLX+PROT,4,3.175,2740,North,0.1,3104.5,-2.3025850929940455,96.97420634920643
10,2014,Patos de Minas,MG,BRS 208,12/03/2014,QoI+DMI,TFLX+TEBU,4,3.175,2740,North,0.175,2942.5,-1.742969305058623,31.665046971169456
11,2014,Patos de Minas,MG,BRS 264,10/04/2014,check,AACHECK,4,1.075,4276.25,North,1.075,4276.25,0.07232066157962608,0.1257565221870252
12,2014,Planaltina,DF,BRS 208,13/02/2014,check,AACHECK,4,97.825,15.6175,North,97.825,15.6175,4.583180168096476,0.0015450709406371309
12,2014,Planaltina,DF,BRS 208,13/02/2014,DMI,TEBU,4,97.825,15.6175,North,97.225,50.365,4.577027880041811,0.0015641998287037372
12,2014,Planaltina,DF,BRS 208,13/02/2014,DTC,MANC,4,97.825,15.6175,North,78.95,83.475,4.3688147407016515,0.0023721594019050236
12,2014,Planaltina,DF,BRS 208,13/02/2014,QoI+DMI,AZOX+TEBU,4,97.825,15.6175,North,93.5,74.50750000000001,4.537961436294641,0.0016913166173940014
12,2014,Planaltina,DF,BRS 208,13/02/2014,QoI+DMI,TFLX+PROT,4,97.825,15.6175,North,87.05,39.9275,4.466482666214198,0.0019512395344647945
12,2014,Planaltina,DF,BRS 208,13/02/2014,QoI+DMI,TFLX+TEBU,4,97.825,15.6175,North,90.475,37.4975,4.505073569449806,0.0018063044592229061
13,2014,Londrina,PR,MARFIM,03/03/2014,check,AACHECK,4,78.8875,901.435,South,78.8875,901.435,4.368022786910358,0.008071982296234188
13,2014,Londrina,PR,MARFIM,03/03/2014,DMI,TEBU,4,78.8875,901.435,South,56.037499999999994,1163.76,4.026021109481558,0.015997019836538697
13,2014,Londrina,PR,MARFIM,03/03/2014,DTC,MANC,4,78.8875,901.435,South,39.8875,1799.7350000000001,3.686062991604362,0.0315735163948404
13,2014,Londrina,PR,MARFIM,03/03/2014,QoI+DMI,AZOX+TEBU,4,78.8875,901.435,South,54.1375,1396.11,3.991527106540745,0.017139580715939073
13,2014,Londrina,PR,MARFIM,03/03/2014,QoI+DMI,TFLX+PROT,4,78.8875,901.435,South,56.475,1363.755,4.033798062354067,0.015750128735642785
13,2014,Londrina,PR,MARFIM,03/03/2014,QoI+DMI,TFLX+TEBU,4,78.8875,901.435,South,58.707499999999996,1298.58,4.072567486985833,0.014575028529566594
14,2014,Londrina,PR,MARFIM,13/03/2014,check,AACHECK,4,94.5,518.74,South,94.5,518.74,4.548599834499697,0.001159337600086739
14,2014,Londrina,PR,MARFIM,13/03/2014,DMI,TEBU,4,94.5,518.74,South,77.5,935.1225,4.350277936359301,0.0017237335447533155
14,2014,Londrina,PR,MARFIM,13/03/2014,DTC,MANC,4,94.5,518.74,South,55,1687.5,4.007333185232471,0.0034225370589006945
14,2014,Londrina,PR,MARFIM,13/03/2014,QoI+DMI,AZOX+TEBU,4,94.5,518.74,South,73.75,1050.1875,4.300680995219929,0.0019034851324423283
14,2014,Londrina,PR,MARFIM,13/03/2014,QoI+DMI,TFLX+PROT,4,94.5,518.74,South,76.25,974.4925,4.334017415487521,0.001780712643383968
14,2014,Londrina,PR,MARFIM,13/03/2014,QoI+DMI,TFLX+TEBU,4,94.5,518.74,South,77.5,928.095,4.350277936359301,0.0017237335447533155
15,2014,Itaberá,SP,QUARTZO,18/03/2014,check,AACHECK,4,28.677500000000002,2173.0525,South,28.677500000000002,2173.0525,3.356112843173286,0.0052605395521171956
15,2014,Itaberá,SP,QUARTZO,18/03/2014,DMI,TEBU,4,28.677500000000002,2173.0525,South,18.322499999999998,2403.4725,2.908129812817868,0.012886750089236119
15,2014,Itaberá,SP,QUARTZO,18/03/2014,DTC,MANC,4,28.677500000000002,2173.0525,South,12.965,2882.4325,2.5622534189906276,0.025737586837147518
15,2014,Itaberá,SP,QUARTZO,18/03/2014,QoI+DMI,AZOX+TEBU,4,28.677500000000002,2173.0525,South,16.6325,2400.1475,2.8113586126339056,0.015638597528661407
15,2014,Itaberá,SP,QUARTZO,18/03/2014,QoI+DMI,TFLX+PROT,4,28.677500000000002,2173.0525,South,19.794999999999998,2688.9800000000005,2.985429380558094,0.011040833356248614
15,2014,Itaberá,SP,QUARTZO,18/03/2014,QoI+DMI,TFLX+TEBU,4,28.677500000000002,2173.0525,South,17.880000000000003,2593.3050000000003,2.883682769745368,0.013532493844121139
16,2014,Palotina,PR,CD 111,04/04/2014,check,AACHECK,4,44.575,1281.25,South,44.575,1281.25,3.7971731637492043,0.005466476527340186
16,2014,Palotina,PR,CD 111,04/04/2014,DMI,TEBU,4,44.575,1281.25,South,28.275,2387.5,3.341978022002184,0.013585792090929435
16,2014,Palotina,PR,CD 111,04/04/2014,DTC,MANC,4,44.575,1281.25,South,29.205,2195.75,3.3743399274922727,0.01273432032642445
16,2014,Palotina,PR,CD 111,04/04/2014,QoI+DMI,AZOX+TEBU,4,44.575,1281.25,South,37.875,2289.5,3.634291263829533,0.007571551981537926
16,2014,Palotina,PR,CD 111,04/04/2014,QoI+DMI,TFLX+PROT,4,44.575,1281.25,South,28.575,2139.5,3.3525322096808745,0.013302023574456704
16,2014,Palotina,PR,CD 111,04/04/2014,QoI+DMI,TFLX+TEBU,4,44.575,1281.25,South,20.325,2156.25,3.0118516554338743,0.026292330497837853
17,2014,Palmeira,PR,MARFIM,20/06/2014,check,AACHECK,4,14.615,2760.985,South,14.615,2760.985,2.682048398563209,0.0040998488470956945
17,2014,Palmeira,PR,MARFIM,20/06/2014,DMI,TEBU,4,14.615,2760.985,South,3.6,3486.765,1.2809338454620642,0.06757102133548894
17,2014,Palmeira,PR,MARFIM,20/06/2014,DTC,MANC,4,14.615,2760.985,South,6.2325,3179.0950000000003,1.829777536415576,0.022544515713596124
17,2014,Palmeira,PR,MARFIM,20/06/2014,QoI+DMI,AZOX+TEBU,4,14.615,2760.985,South,1.94,3495.1825,0.6626879730752367,0.23268159116482537
17,2014,Palmeira,PR,MARFIM,20/06/2014,QoI+DMI,TFLX+PROT,4,14.615,2760.985,South,3.205,3377.44,1.1647120903726333,0.085252950271045555
17,2014,Palmeira,PR,MARFIM,20/06/2014,QoI+DMI,TFLX+TEBU,4,14.615,2760.985,South,4.9275,3215.8175,1.5948317600447384,0.03606718263148218
18,2014,Palmeira,PR,TBIO TIBAGI,20/06/2014,check,AACHECK,4,22.105,2937.0474999999997,South,22.105,2937.0474999999997,3.0958038272782065,0.0016283860819469292
18,2014,Palmeira,PR,TBIO TIBAGI,20/06/2014,DMI,TEBU,4,22.105,2937.0474999999997,South,5.1375,3215.4525000000003,1.636566579822353,0.0301463509334645
18,2014,Palmeira,PR,TBIO TIBAGI,20/06/2014,DTC,MANC,4,22.105,2937.0474999999997,South,10.5,3028.7225,2.3513752571634776,0.007217051794262694
18,2014,Palmeira,PR,TBIO TIBAGI,20/06/2014,QoI+DMI,AZOX+TEBU,4,22.105,2937.0474999999997,South,2.4575,3309.3425,0.8991445730391846,0.13175022550271598
18,2014,Palmeira,PR,TBIO TIBAGI,20/06/2014,QoI+DMI,TFLX+PROT,4,22.105,2937.0474999999997,South,4.375,3242.2275,1.4759065198095778,0.04157021833495312
18,2014,Palmeira,PR,TBIO TIBAGI,20/06/2014,QoI+DMI,TFLX+TEBU,4,22.105,2937.0474999999997,South,7.012499999999999,3186.7650000000003,1.9476942708488145,0.01618052734336685
19,2015,Londrina,PR,IPRCaturaraTM,10/03/2015,check,AACHECK,4,83.95,71,South,83.95,71,4.43022138352355,0.004051044639099294
19,2015,Londrina,PR,IPRCaturaraTM,10/03/2015,DTC,MANC,4,83.95,71,South,32.573750000000004,604.375,3.4826134087022886,0.027051999166238676
19,2015,Londrina,PR,IPRCaturaraTM,10/03/2015,QoI+DMI,TFLX+PROT,4,83.95,71,South,27.75,863.75,3.3232358401924436,0.03707511056067239
19,2015,Londrina,PR,IPRCaturaraTM,10/03/2015,QoI+DMI,TFLX+TEBU,4,83.95,71,South,48.375,561.75,3.8789831513499458,0.012200186613198848
20,2015,Londrina,PR,IPRCaturaraTM,10/04/2015,check,AACHECK,4,68.875,761.27,South,68.875,761.27,4.232293267473079,0.005662898140854417
20,2015,Londrina,PR,IPRCaturaraTM,10/04/2015,DTC,MANC,4,68.875,761.27,South,21.625,1265.67375,3.0641334756618877,0.060870656803450496
20,2015,Londrina,PR,IPRCaturaraTM,10/04/2015,QoI+DMI,TFLX+PROT,4,68.875,761.27,South,45.125,984.2375,3.8094364166530448,0.013192513397392146
20,2015,Londrina,PR,IPRCaturaraTM,10/04/2015,QoI+DMI,TFLX+TEBU,4,68.875,761.27,South,45.875,960.67,3.8259203063747345,0.012764676688233946
21,2015,Palmeira,PR,CELEBRA,10/06/2015,check,AACHECK,4,30,1100.59,South,30,1100.59,3.4011973816621555,0.004350749559082895
21,2015,Palmeira,PR,CELEBRA,10/06/2015,DTC,MANC,4,30,1100.59,South,16.5,1628.0124999999998,2.803360380906535,0.014382643170521965
21,2015,Palmeira,PR,CELEBRA,10/06/2015,QoI+DMI,AZOX+TEBU,4,30,1100.59,South,10.5,1485.3825,2.3513752571634776,0.03551632293128894
21,2015,Palmeira,PR,CELEBRA,10/06/2015,QoI+DMI,TFLX+PROT,4,30,1100.59,South,15.25,1725.2849999999999,2.7245795030534206,0.01683708509830521
21,2015,Palmeira,PR,CELEBRA,10/06/2015,QoI+DMI,TFLX+TEBU,4,30,1100.59,South,15.5,1453.795,2.740840023925201,0.016298333415919273
22,2015,Itaberá,SP,QUARTZO,13/02/2015,check,AACHECK,4,64.1,1566.35,South,64.1,1566.35,4.160444363926624,0.016861167595429737
22,2015,Itaberá,SP,QUARTZO,13/02/2015,QoI+DMI,TFLX+PROT,4,64.1,1566.35,South,61.375,1640.1225,4.117002586114685,0.01839165001712192
22,2015,Itaberá,SP,QUARTZO,13/02/2015,QoI+DMI,TFLX+TEBU,4,64.1,1566.35,South,67.5325,1447.1799999999998,4.21260896348495,0.01519070918979881
23,2015,Campo Verde,MT,BRS 404,10/03/2015,check,AACHECK,4,70.2875,NA,North,70.2875,NA,4.25259397361832,0.007085444731603779
23,2015,Campo Verde,MT,BRS 404,10/03/2015,DTC,MANC,4,70.2875,NA,North,39.325,NA,3.6718604489443414,0.022635278649910596
23,2015,Campo Verde,MT,BRS 404,10/03/2015,QoI+DMI,TFLX+PROT,4,70.2875,NA,North,54.045,NA,3.9898170328681664,0.01198428877913076
23,2015,Campo Verde,MT,BRS 404,10/03/2015,QoI+DMI,TFLX+TEBU,4,70.2875,NA,North,51.449999999999996,NA,3.9406104622800586,0.013223686650440119
24,2015,Uberaba,MG,BRS 264,10/03/2015,check,AACHECK,4,69.25,NA,North,69.25,NA,4.237723145067448,0.0018172181747883236
24,2015,Uberaba,MG,BRS 264,10/03/2015,DTC,MANC,4,69.25,NA,North,66.75,NA,4.200954297280359,0.0019558884727424045
24,2015,Uberaba,MG,BRS 264,10/03/2015,QoI+DMI,TFLX+PROT,4,69.25,NA,North,50,NA,3.912023005428146,0.003485833333333332
24,2015,Uberaba,MG,BRS 264,10/03/2015,QoI+DMI,TFLX+TEBU,4,69.25,NA,North,55,NA,4.007333185232471,0.002880853994490357
25,2016,Londrina,PR,BRS SABIÁ,21/03/2019,check,AACHECK,4,8.5,1187.75,South,8.5,1187.75,2.1400661634962708,0.03233863204724612
25,2016,Londrina,PR,BRS SABIÁ,21/03/2019,DTC,MANC,4,8.5,1187.75,South,3.25,1427.625,1.1786549963416462,0.2212038973172575
25,2016,Londrina,PR,BRS SABIÁ,21/03/2019,QoI+DMI,TFLX+PROT,4,8.5,1187.75,South,8.5,1755,2.1400661634962708,0.03233863204724612
25,2016,Londrina,PR,BRS SABIÁ,21/03/2019,QoI+DMI,TFLX+TEBU,4,8.5,1187.75,South,5,1734.5,1.6094379124341003,0.0934586466165413
26,2016,Palmeira,PR,CELEBRA,25/05/2016,check,AACHECK,4,7.925,2521.69,South,7.925,2521.69,2.0700223197633445,0.015246751079528796
26,2016,Palmeira,PR,CELEBRA,25/05/2016,DTC,MANC,4,7.925,2521.69,South,3.1375,3150.1225000000004,1.1434183680129533,0.09728123227319418
26,2016,Palmeira,PR,CELEBRA,25/05/2016,QoI+DMI,TFLX+PROT,4,7.925,2521.69,South,2.2,2959.4,0.7884573603642703,0.197847465034965
26,2016,Palmeira,PR,CELEBRA,25/05/2016,QoI+DMI,TFLX+TEBU,4,7.925,2521.69,South,4.85,2713.67,1.5789787049493917,0.04070918187986952
27,2016,Planaltina,DF,BRS 208,03/07/2016,check,AACHECK,4,7.5,1449.5,North,7.5,1449.5,2.0149030205422647,0.1728395061728395
27,2016,Planaltina,DF,BRS 208,03/07/2016,DTC,MANC,4,7.5,1449.5,North,2.5,1667.25,0.9162907318741551,1.5555555555555554
27,2016,Planaltina,DF,BRS 208,03/07/2016,QoI+DMI,TFLX+PROT,4,7.5,1449.5,North,2.5,1501.75,0.9162907318741551,1.5555555555555554
27,2016,Planaltina,DF,BRS 208,03/07/2016,QoI+DMI,TFLX+TEBU,4,7.5,1449.5,North,7.5,1390,2.0149030205422647,0.1728395061728395
28,2016,Campo Verde,MT,BRS 404,22/03/2016,check,AACHECK,4,62.8,562,North,62.8,562,4.139955073474153,0.004491220802568054
28,2016,Campo Verde,MT,BRS 404,22/03/2016,DTC,MANC,4,62.8,562,North,54.599999999999994,850.75,4.000033882750859,0.005941531568248601
28,2016,Campo Verde,MT,BRS 404,22/03/2016,QoI+DMI,TFLX+PROT,4,62.8,562,North,66.4,683.75,4.1956970564823886,0.004017422759562344
28,2016,Campo Verde,MT,BRS 404,22/03/2016,QoI+DMI,TFLX+TEBU,4,62.8,562,North,67.825,736.25,4.216930858544996,0.003850384403281954
29,2017,Campo Verde,MT,BRS 404,22/03/2017,check,AACHECK,4,41.25,632.75,North,41.25,632.75,3.71965111278069,0.002378124681154984
29,2017,Campo Verde,MT,BRS 404,22/03/2017,QoI+DMI,TFLX+PROT,4,41.25,632.75,North,29.5,634.5,3.3843902633457743,0.004649845191356251
29,2017,Campo Verde,MT,BRS 404,22/03/2017,QoI+DMI,TFLX+TEBU,4,41.25,632.75,North,33.75,535.5,3.518980417318539,0.003552507239750038
30,2017,Campo Verde,MT,BRS 404,22/03/2017,check,AACHECK,4,40.5,862.5,North,40.5,862.5,3.7013019741124933,0.00578756625853105
30,2017,Campo Verde,MT,BRS 404,22/03/2017,DTC,MANC,4,40.5,862.5,North,31.75,1068,3.457892725338701,0.009417129945371002
30,2017,Campo Verde,MT,BRS 404,22/03/2017,QoI+DMI,PYRA+EPOX,4,40.5,862.5,North,28.5,869.75,3.349904087274605,0.011687356793543312
30,2017,Campo Verde,MT,BRS 404,22/03/2017,QoI+DMI,TFLX+PROT,4,40.5,862.5,North,30.5,817.5,3.417726683613366,0.010204843381408821
30,2017,Campo Verde,MT,BRS 404,22/03/2017,QoI+DMI,TFLX+TEBU,4,40.5,862.5,North,41.75,936.5,3.7316994512968646,0.005446193441460393
31,2017,Planaltina,DF,BRS 404,15/02/2017,check,AACHECK,4,5.675,1231.25,North,5.675,1231.25,1.7360705633674662,0.023566664726011897
31,2017,Planaltina,DF,BRS 404,15/02/2017,DMI,TEBU,4,5.675,1231.25,North,3,1301.5,1.0986122886681098,0.08433101851851854
31,2017,Planaltina,DF,BRS 404,15/02/2017,DTC,MANC,4,5.675,1231.25,North,2.625,1243.25,0.965080896043587,0.11014663643235074
31,2017,Planaltina,DF,BRS 404,15/02/2017,QoI+DMI,TFLX+PROT,4,5.675,1231.25,North,1.8499999999999999,1033,0.6151856390902334,0.2217616264913563
31,2017,Planaltina,DF,BRS 404,15/02/2017,QoI+DMI,TFLX+TEBU,4,5.675,1231.25,North,3.15,1220.75,1.1474024528375417,0.07649071974468802
32,2017,Palmeira,PR,TBio Toruk,24/06/2017,check,AACHECK,4,8.575,2456,South,8.575,2456,2.1488509930520037,9.58595294288755e-4
32,2017,Palmeira,PR,TBio Toruk,24/06/2017,DTC,MANC,4,8.575,2456,South,2.325,2932,0.8437200390393197,0.013039400829896831
32,2017,Palmeira,PR,TBio Toruk,24/06/2017,QoI+DMI,PYRA+EPOX,4,8.575,2456,South,3.3,2658.75,1.1939224684724346,0.0064725538210386666
32,2017,Palmeira,PR,TBio Toruk,24/06/2017,QoI+DMI,TFLX+PROT,4,8.575,2456,South,2.95,2870,1.0818051703517284,0.008099524402310952
32,2017,Palmeira,PR,TBio Toruk,24/06/2017,QoI+DMI,TFLX+TEBU,4,8.575,2456,South,2.45,2898.25,0.8960880245566357,0.011742792355037243
33,2017,Campo Mourão,PR,BRS 208,20/04/2017,check,AACHECK,4,7.075,2887.5,South,7.075,2887.5,1.9565674435293015,0.06426425229548875
33,2017,Campo Mourão,PR,BRS 208,20/04/2017,DTC,MANC,4,7.075,2887.5,South,1.05,3055.75,0.04879016416943205,2.9177209195540805
33,2017,Campo Mourão,PR,BRS 208,20/04/2017,QoI+DMI,TFLX+PROT,4,7.075,2887.5,South,1.5,3017,0.4054651081081644,1.4296832505814996
33,2017,Campo Mourão,PR,BRS 208,20/04/2017,QoI+DMI,TFLX+TEBU,4,7.075,2887.5,South,5.575,2920.25,1.7182923173461826,0.10349815403674713
34,2017,Campo Mourão,PR,BRS 208,15/05/2017,check,AACHECK,4,1.655,2956.75,South,1.655,2956.75,0.5038010088290262,0.15936661531695334
34,2017,Campo Mourão,PR,BRS 208,15/05/2017,DTC,MANC,4,1.655,2956.75,South,0.5825,2899,-0.5404260935422814,1.2864753994909264
34,2017,Campo Mourão,PR,BRS 208,15/05/2017,QoI+DMI,PYRA+EPOX,4,1.655,2956.75,South,2.6075,2849.25,0.9583919078927904,0.06420143141461997
34,2017,Campo Mourão,PR,BRS 208,15/05/2017,QoI+DMI,TFLX+PROT,4,1.655,2956.75,South,1.3125,2753.75,0.27193371548364176,0.2533930629041738
34,2017,Campo Mourão,PR,BRS 208,15/05/2017,QoI+DMI,TFLX+TEBU,4,1.655,2956.75,South,2.175,2833.5,0.7770286645406473,0.0922730386615972
35,2018,Campo Mourão,PR,BRS 208,06/03/2018,check,AACHECK,4,7.205,1287.5,South,7.205,1287.5,1.9747752294514853,0.044147733939523204
35,2018,Campo Mourão,PR,BRS 208,06/03/2018,DTC,MANC,8,7.205,1287.5,South,3.64625,1392.125,1.2936992421997942,0.08618933044581972
35,2018,Campo Mourão,PR,BRS 208,06/03/2018,QoI+DMI,PYRA+EPOX,4,7.205,1287.5,South,4.27,1661.25,1.451613827240533,0.12569576249317868
35,2018,Campo Mourão,PR,BRS 208,06/03/2018,QoI+DMI,TFLX+PROT,4,7.205,1287.5,South,1.6125,1341.75,0.4777857696877905,0.8814079030680857
35,2018,Campo Mourão,PR,BRS 208,06/03/2018,QoI+DMI,TFLX+TEBU,4,7.205,1287.5,South,4.2325,1525.75,1.4427928350251533,0.1279329614677233
36,2018,Campo Mourão,PR,BRS 208,29/03/2018,check,AACHECK,4,1.49,2099.25,South,1.49,2099.25,0.3987761199573678,0.6699723598022914
36,2018,Campo Mourão,PR,BRS 208,29/03/2018,DTC,MANC,8,1.49,2099.25,South,2.16125,2219,0.7706867580153631,0.15921699191222088
36,2018,Campo Mourão,PR,BRS 208,29/03/2018,QoI+DMI,PYRA+EPOX,4,1.49,2099.25,South,1.12,NA,0.11332868530700327,1.1857506664517434
36,2018,Campo Mourão,PR,BRS 208,29/03/2018,QoI+DMI,TFLX+PROT,4,1.49,2099.25,South,0.5325,2171.25,-0.6301723813985569,5.2455399448859525
36,2018,Campo Mourão,PR,BRS 208,29/03/2018,QoI+DMI,TFLX+TEBU,4,1.49,2099.25,South,0.43,2411.5,-0.843970070294529,8.044378777701825
37,2018,Campo Verde,MT,BRS 404,24/03/2018,check,AACHECK,4,39.0075,1000,North,39.0075,1000,3.6637539353332,0.003074508798770628
37,2018,Campo Verde,MT,BRS 404,24/03/2018,DTC,MANC,4,39.0075,1000,North,40.005,1729.25,3.6890044463020875,0.002923098331942681
37,2018,Campo Verde,MT,BRS 404,24/03/2018,QoI+DMI,PYRA+EPOX,4,39.0075,1000,North,36.120000000000005,1645.75,3.586846728548785,0.003585720972173569
37,2018,Campo Verde,MT,BRS 404,24/03/2018,QoI+DMI,TFLX+PROT,4,39.0075,1000,North,35.6775,1500.25,3.574520237992409,0.0036752183392582596
37,2018,Campo Verde,MT,BRS 404,24/03/2018,QoI+DMI,TFLX+TEBU,4,39.0075,1000,North,37.7425,1250,3.6307867804597542,0.0032840567034067908
38,2018,Palmeira,PR,TBio Toruk,02/07/2018,check,AACHECK,4,47.525000000000006,2107.3250000000003,South,47.525000000000006,2107.3250000000003,3.861255888374493,2.526469394588533e-4
38,2018,Palmeira,PR,TBio Toruk,02/07/2018,DTC,MANC,8,47.525000000000006,2107.3250000000003,South,16.18125,2675.75,2.7838531645177107,0.0010896930009628267
38,2018,Palmeira,PR,TBio Toruk,02/07/2018,QoI+DMI,PYRA+EPOX,4,47.525000000000006,2107.3250000000003,South,19.2,2222.8,2.954910279033736,0.001547946103351752
38,2018,Palmeira,PR,TBio Toruk,02/07/2018,QoI+DMI,TFLX+PROT,4,47.525000000000006,2107.3250000000003,South,29.175,2258.7,3.3733121781726196,6.70403948092204e-4
38,2018,Palmeira,PR,TBio Toruk,02/07/2018,QoI+DMI,TFLX+TEBU,4,47.525000000000006,2107.3250000000003,South,35.275,2257.45,3.5631744977388777,4.5858964894304884e-4
39,2018,Planaltina,DF,BRS 404,09/02/2018,check,AACHECK,4,53.5,687.1,North,53.5,687.1,3.979681653901961,0.023500080300012112
39,2018,Planaltina,DF,BRS 404,09/02/2018,DTC,MANC,8,53.5,687.1,North,44.375,1262.9125,3.7926762477955798,0.017079304541469623
39,2018,Planaltina,DF,BRS 404,09/02/2018,QoI+DMI,PYRA+EPOX,4,53.5,687.1,North,38.5,832.925,3.6506582412937387,0.04537905538115005
39,2018,Planaltina,DF,BRS 404,09/02/2018,QoI+DMI,TFLX+PROT,4,53.5,687.1,North,45.5,1165.825,3.817712325956905,0.03249032959242104
39,2018,Planaltina,DF,BRS 404,09/02/2018,QoI+DMI,TFLX+TEBU,4,53.5,687.1,North,39.25,1049.175,3.6699514442284173,0.04366139305527018
40,2019,Planaltina,DF,BRS 404,13/02/2019,check,AACHECK,4,100,59.875,North,100,59.875,4.605170185988092,4.3972633684577714e-32
40,2019,Planaltina,DF,BRS 404,13/02/2019,DTC,MANC,8,100,59.875,North,100,125.4375,4.605170185988092,2.1986316842288857e-32
40,2019,Planaltina,DF,BRS 404,13/02/2019,QoI+DMI,PYRA+EPOX,4,100,59.875,North,100,89.3125,4.605170185988092,4.3972633684577714e-32
40,2019,Planaltina,DF,BRS 404,13/02/2019,QoI+DMI,TFLX+PROT,4,100,59.875,North,100,120.35499999999999,4.605170185988092,4.3972633684577714e-32
40,2019,Planaltina,DF,BRS 404,13/02/2019,QoI+DMI,TFLX+TEBU,4,100,59.875,North,100,121.77000000000001,4.605170185988092,4.3972633684577714e-32
41,2019,Guarapuava,PR,TBio Toruk,01/02/2019,check,AACHECK,4,92.7925,571.643,South,92.7925,571.643,4.530365817560609,9.288147184502993e-4
41,2019,Guarapuava,PR,TBio Toruk,01/02/2019,DTC,MANC,8,92.7925,571.643,South,93.7825,967.3249999999999,4.540978271442182,4.5465422667389897e-4
41,2019,Guarapuava,PR,TBio Toruk,01/02/2019,QoI+DMI,PYRA+EPOX,4,92.7925,571.643,South,94.4825,851.365,4.548414632165619,8.958846338185892e-4
41,2019,Guarapuava,PR,TBio Toruk,01/02/2019,QoI+DMI,TFLX+PROT,4,92.7925,571.643,South,92.855,672.8475,4.531039136645016,9.275647828930322e-4
41,2019,Guarapuava,PR,TBio Toruk,01/02/2019,QoI+DMI,TFLX+TEBU,4,92.7925,571.643,South,85.74000000000001,245.33599999999998,4.451319461169831,0.0010878972567011753
42,2019,Palmeira,PR,TBio Sinuelo,03/07/2019,check,AACHECK,4,16.3,607.54075,South,16.3,607.54075,2.791165107812717,0.012851504117702053
42,2019,Palmeira,PR,TBio Sinuelo,03/07/2019,DTC,MANC,8,16.3,607.54075,South,9.25,1537.57625,2.224623551524334,0.019953344800772876
42,2019,Palmeira,PR,TBio Sinuelo,03/07/2019,QoI+DMI,PYRA+EPOX,4,16.3,607.54075,South,5.3,1825.6225,1.667706820558076,0.12155628796839653
42,2019,Palmeira,PR,TBio Sinuelo,03/07/2019,QoI+DMI,TFLX+PROT,4,16.3,607.54075,South,6.95,1812.83,1.9387416595767009,0.0706902567989702
42,2019,Palmeira,PR,TBio Sinuelo,03/07/2019,QoI+DMI,TFLX+TEBU,4,16.3,607.54075,South,7.95,1722.625,2.0731719286662407,0.0540250168748429
44,2020,Planaltina,DF,BRS 404,10/02/2020,check,AACHECK,4,82.895,360.1,North,82.895,360.1,4.417574746691429,0.001538271911833444
44,2020,Planaltina,DF,BRS 404,10/02/2020,DTC,MANC,8,82.895,360.1,North,79.3125,679.4125,4.373395745474607,8.401880636221203e-4
44,2020,Planaltina,DF,BRS 404,10/02/2020,QoI+DMI,PYRA+EPOX,4,82.895,360.1,North,81.975,499.725,4.406414322730712,0.0015729935114397867
44,2020,Planaltina,DF,BRS 404,10/02/2020,QoI+DMI,TFLX+PROT,4,82.895,360.1,North,76.78,600.575,4.340944189572651,0.0017930548142857403
44,2020,Planaltina,DF,BRS 404,10/02/2020,QoI+DMI,TFLX+TEBU,4,82.895,360.1,North,78.595,571.25,4.364308084180201,0.0017111967443146732
