study,year,location,state,cultivar,data_sowing,group,active_ingredient,n,inc_check,yld_check,region,mean_inc,mean_yld,log_inc,vi_inc
1,2012,Dourados,MS,BRS 208,16/03/2012,check,AACHECK,4,93.3,1097,North,93.3,1097,4.535820107853298,0.0021088876347063125
1,2012,Dourados,MS,BRS 208,16/03/2012,DMI,TEBU,4,93.3,1097,North,67.8,1528,4.216562194946349,0.003993533575777846
1,2012,Dourados,MS,BRS 208,16/03/2012,QoI+DMI,AZOX+TEBU,4,93.3,1097,North,73.75,1340,4.28427574184569,0.003720387944497097
1,2012,Dourados,MS,BRS 208,16/03/2012,QoI+DMI,PYRA+EPOX,4,93.3,1097,North,80.0375,1315,4.379805497583548,0.0029122330728691363
1,2012,Dourados,MS,BRS 208,16/03/2012,QoI+DMI,TFLX+PROT,4,93.3,1097,North,84.4,1242,4.4355674016019115,0.0025771033448370754
1,2012,Dourados,MS,BRS 208,16/03/2012,QoI+DMI,TFLX+TEBU,4,93.3,1097,North,77.075,1450,4.344778973772214,0.0030902218649755727
2,2012,Palotina,PR,BRS 208,15/04/2012,check,AACHECK,4,40.5,1219.375,South,40.5,1219.375,3.7013019741124933,0.019794512249930635
2,2012,Palotina,PR,BRS 208,15/04/2012,DMI,TEBU,4,40.5,1219.375,South,41.5,1570.835,3.7256934272366524,0.018852053254724183
2,2012,Palotina,PR,BRS 208,15/04/2012,QoI+DMI,AZOX+TEBU,4,40.5,1219.375,South,46.75,1555.5212499999998,3.8415867259874386,0.015145507521366335
2,2012,Palotina,PR,BRS 208,15/04/2012,QoI+DMI,PYRA+EPOX,4,40.5,1219.375,South,32.5,1553.5425,3.481240089335692,0.03073888636018814
2,2012,Palotina,PR,BRS 208,15/04/2012,QoI+DMI,TFLX+PROT,4,40.5,1219.375,South,55.5,1731.4575,4.0163830207523885,0.010540686216361894
2,2012,Palotina,PR,BRS 208,15/04/2012,QoI+DMI,TFLX+TEBU,4,40.5,1219.375,South,40.25,1540.0825,3.6951100038645723,0.020041170459749992
3,2012,Londrina,PR,MARFIM,07/04/2012,check,AACHECK,4,100,495.1225,South,100,495.1225,4.605170185988092,9.724272985662137e-4
3,2012,Londrina,PR,MARFIM,07/04/2012,DMI,TEBU,4,100,495.1225,South,78.25,1022.31,4.359908829420263,0.0015881387762516123
3,2012,Londrina,PR,MARFIM,07/04/2012,QoI+DMI,AZOX+TEBU,4,100,495.1225,South,81.375,985.27,4.399066920728332,0.001468514412688395
3,2012,Londrina,PR,MARFIM,07/04/2012,QoI+DMI,PYRA+EPOX,4,100,495.1225,South,91.125,732.3187499999999,4.512118335943384,0.0011718680532307368
3,2012,Londrina,PR,MARFIM,07/04/2012,QoI+DMI,TFLX+PROT,4,100,495.1225,South,89,885.4,4.48863636973214,0.001227657238437336
3,2012,Londrina,PR,MARFIM,07/04/2012,QoI+DMI,TFLX+TEBU,4,100,495.1225,South,70.5,933.99,4.255612709818223,0.0019564957468260423
4,2012,Planaltina,DF,BRS 208,09/03/2012,check,AACHECK,4,35.5,1747.4375,North,35.5,1747.4375,3.56953269648137,0.017266370308921395
4,2012,Planaltina,DF,BRS 208,09/03/2012,DMI,TEBU,4,35.5,1747.4375,North,19.25,2191.625,2.9575110607337933,0.05872138487250649
4,2012,Planaltina,DF,BRS 208,09/03/2012,QoI+DMI,AZOX+TEBU,4,35.5,1747.4375,North,21,2073.4375,3.0324010666524583,0.05303412710466875
4,2012,Planaltina,DF,BRS 208,09/03/2012,QoI+DMI,PYRA+EPOX,4,35.5,1747.4375,North,32.75,1885.875,3.488902962081261,0.0202878090384646
4,2012,Planaltina,DF,BRS 208,09/03/2012,QoI+DMI,TFLX+PROT,4,35.5,1747.4375,North,25.75,2007.9375,3.248434627109745,0.03281733348186361
4,2012,Planaltina,DF,BRS 208,09/03/2012,QoI+DMI,TFLX+TEBU,4,35.5,1747.4375,North,18.5,2279.375,2.917770732084279,0.06357908891692678
5,2012,Itaberá,SP,BRS 208,20/02/2012,check,AACHECK,4,7.7124999999999995,2148.3075,South,7.7124999999999995,2148.3075,2.042842389231506,0.008775625292808613
5,2012,Itaberá,SP,BRS 208,20/02/2012,DMI,TEBU,4,7.7124999999999995,2148.3075,South,5.05,2579.27,1.6193882432872684,0.020468483586744055
5,2012,Itaberá,SP,BRS 208,20/02/2012,QoI+DMI,AZOX+TEBU,4,7.7124999999999995,2148.3075,South,4.2524999999999995,2585.665,1.4468636165492024,0.02897715125549122
5,2012,Itaberá,SP,BRS 208,20/02/2012,QoI+DMI,PYRA+EPOX,4,7.7124999999999995,2148.3075,South,3.74625,2479.1575000000003,1.3171794044168523,0.037998890029901894
5,2012,Itaberá,SP,BRS 208,20/02/2012,QoI+DMI,TFLX+PROT,4,7.7124999999999995,2148.3075,South,4.7475,2482.5925,1.5576181637043038,0.02315999591463439
5,2012,Itaberá,SP,BRS 208,20/02/2012,QoI+DMI,TFLX+TEBU,4,7.7124999999999995,2148.3075,South,3.5575,2660.9625,1.2690580509818705,0.04124569326991239
6,2013,Dourados,MS,BRS 208,28/03/2013,check,AACHECK,4,48.7,506,North,48.7,506,3.885679030088544,5.516209156862017e-4
6,2013,Dourados,MS,BRS 208,28/03/2013,DMI,TEBU,4,48.7,506,North,15.2,964,2.7212954278522306,0.005662542458118975
6,2013,Dourados,MS,BRS 208,28/03/2013,DTC,MANC,4,48.7,506,North,17.5,957,2.8622008809294686,0.00427191448007774
6,2013,Dourados,MS,BRS 208,28/03/2013,QoI+DMI,AZOX+TEBU,4,48.7,506,North,20.1,764,3.0007198150650303,0.0032382213547283672
6,2013,Dourados,MS,BRS 208,28/03/2013,QoI+DMI,PYRA+EPOX,4,48.7,506,North,38,559,3.6375861597263857,9.060067932990358e-4
6,2013,Dourados,MS,BRS 208,28/03/2013,QoI+DMI,TFLX+PROT,4,48.7,506,North,25.1,726,3.2228678461377385,0.00207659213270235
6,2013,Dourados,MS,BRS 208,28/03/2013,QoI+DMI,TFLX+TEBU,4,48.7,506,North,23,751,3.1354942159291497,0.0024731073904041734
7,2013,Patos de Minas,MG,BRS 208,11/04/2013,check,AACHECK,4,22,1562.75,North,22,1562.75,3.091042453358316,0.0063891758494031255
7,2013,Patos de Minas,MG,BRS 208,11/04/2013,DMI,TEBU,4,22,1562.75,North,11.25,1925.5,2.4203681286504293,0.024433470507544595
7,2013,Patos de Minas,MG,BRS 208,11/04/2013,DTC,MANC,4,22,1562.75,North,16.5,1572.5,2.803360380906535,0.011358534843383334
7,2013,Patos de Minas,MG,BRS 208,11/04/2013,QoI+DMI,AZOX+TEBU,4,22,1562.75,North,12.875,1650.75,2.5529727369502906,0.018915510056371806
7,2013,Patos de Minas,MG,BRS 208,11/04/2013,QoI+DMI,PYRA+EPOX,4,22,1562.75,North,17.5,1536.25,2.8622008809294686,0.010097505668934246
7,2013,Patos de Minas,MG,BRS 208,11/04/2013,QoI+DMI,TFLX+PROT,4,22,1562.75,North,9.5,1936.75,2.2512917986064953,0.03426438904278241
7,2013,Patos de Minas,MG,BRS 208,11/04/2013,QoI+DMI,TFLX+TEBU,4,22,1562.75,North,11.75,1642,2.463853240590168,0.022398269704743234
8,2013,Planaltina,DF,BRS 208,14/03/2013,check,AACHECK,4,46.5,3250.75,North,46.5,3250.75,3.8394523125933104,0.010889955165015869
8,2013,Planaltina,DF,BRS 208,14/03/2013,DMI,TEBU,4,46.5,3250.75,North,45.5,3498.75,3.817712325956905,0.01137389472554308
8,2013,Planaltina,DF,BRS 208,14/03/2013,DTC,MANC,4,46.5,3250.75,North,34.25,3874.75,3.5336865647082343,0.020072933501459268
8,2013,Planaltina,DF,BRS 208,14/03/2013,QoI+DMI,AZOX+TEBU,4,46.5,3250.75,North,37.375,3380.25,3.617494269410364,0.01721427670517425
8,2013,Planaltina,DF,BRS 208,14/03/2013,QoI+DMI,PYRA+EPOX,4,46.5,3250.75,North,32.75,3343.75,3.488902962081261,0.02195378409701585
8,2013,Planaltina,DF,BRS 208,14/03/2013,QoI+DMI,TFLX+PROT,4,46.5,3250.75,North,34.5,3522.75,3.5409593240373143,0.01978307545100236
8,2013,Planaltina,DF,BRS 208,14/03/2013,QoI+DMI,TFLX+TEBU,4,46.5,3250.75,North,33.5,3328,3.5115454388310208,0.02098178262914285
9,2013,Itaberá,SP,QUARTZO,15/02/2013,check,AACHECK,4,68.6125,967.105,South,68.6125,967.105,4.228474733876007,0.0028414143010972283
9,2013,Itaberá,SP,QUARTZO,15/02/2013,DMI,TEBU,4,68.6125,967.105,South,63.0175,1437.795,4.143412465596207,0.0033683616137490094
9,2013,Itaberá,SP,QUARTZO,15/02/2013,DTC,MANC,4,68.6125,967.105,South,53.55,2244.155,3.980615796893758,0.004664682609911548
9,2013,Itaberá,SP,QUARTZO,15/02/2013,QoI+DMI,AZOX+TEBU,4,68.6125,967.105,South,71.35125,1217.2949999999998,4.266407724260031,0.0026465547008019475
9,2013,Itaberá,SP,QUARTZO,15/02/2013,QoI+DMI,PYRA+EPOX,4,68.6125,967.105,South,64.5025,1138.9775,4.166703982740512,0.003215051653058517
9,2013,Itaberá,SP,QUARTZO,15/02/2013,QoI+DMI,TFLX+PROT,4,68.6125,967.105,South,61.9625,1501.5825,4.126529363346692,0.003484040427274676
9,2013,Itaberá,SP,QUARTZO,15/02/2013,QoI+DMI,TFLX+TEBU,4,68.6125,967.105,South,74.325,1293.1525,4.308447368884162,0.002421426069542601
10,2014,Patos de Minas,MG,BRS 208,12/03/2014,check,AACHECK,4,23.25,2740,North,23.25,2740,3.1463051320333655,8.754108650050373e-4
10,2014,Patos de Minas,MG,BRS 208,12/03/2014,DMI,TEBU,4,23.25,2740,North,10,2994.5,2.302585092994046,0.004732142857142855
10,2014,Patos de Minas,MG,BRS 208,12/03/2014,DTC,MANC,4,23.25,2740,North,8,3077,2.0794415416798357,0.007393973214285711
10,2014,Patos de Minas,MG,BRS 208,12/03/2014,QoI+DMI,AZOX+TEBU,4,23.25,2740,North,10,3035.5,2.302585092994046,0.004732142857142855
10,2014,Patos de Minas,MG,BRS 208,12/03/2014,QoI+DMI,TFLX+PROT,4,23.25,2740,North,7.5,3104.5,2.0149030205422647,0.008412698412698408
10,2014,Patos de Minas,MG,BRS 208,12/03/2014,QoI+DMI,TFLX+TEBU,4,23.25,2740,North,12,2942.5,2.4849066497880004,0.0032862103174603158
11,2014,Patos de Minas,MG,BRS 264,10/04/2014,check,AACHECK,4,7.25,4276.25,North,7.25,4276.25,1.9810014688665833,0.014268727705112965
11,2014,Patos de Minas,MG,BRS 264,10/04/2014,DMI,TEBU,4,7.25,4276.25,North,1.75,4307.5,0.5596157879354227,0.24489795918367355
11,2014,Patos de Minas,MG,BRS 264,10/04/2014,DTC,MANC,4,7.25,4276.25,North,1.75,4332.5,0.5596157879354227,0.24489795918367355
11,2014,Patos de Minas,MG,BRS 264,10/04/2014,QoI+DMI,AZOX+TEBU,4,7.25,4276.25,North,2.75,4310.75,1.0116009116784799,0.0991735537190083
11,2014,Patos de Minas,MG,BRS 264,10/04/2014,QoI+DMI,TFLX+PROT,4,7.25,4276.25,North,2.25,4299.75,0.8109302162163288,0.1481481481481482
11,2014,Patos de Minas,MG,BRS 264,10/04/2014,QoI+DMI,TFLX+TEBU,4,7.25,4276.25,North,3.75,4308.25,1.3217558399823195,0.05333333333333335
12,2014,Planaltina,DF,BRS 208,13/02/2014,check,AACHECK,4,100,15.6175,North,100,15.6175,4.605170185988092,5.0487097934144744e-33
12,2014,Planaltina,DF,BRS 208,13/02/2014,DMI,TEBU,4,100,15.6175,North,100,50.365,4.605170185988092,5.0487097934144744e-33
12,2014,Planaltina,DF,BRS 208,13/02/2014,DTC,MANC,4,100,15.6175,North,100,83.475,4.605170185988092,5.0487097934144744e-33
12,2014,Planaltina,DF,BRS 208,13/02/2014,QoI+DMI,AZOX+TEBU,4,100,15.6175,North,100,74.50750000000001,4.605170185988092,5.0487097934144744e-33
12,2014,Planaltina,DF,BRS 208,13/02/2014,QoI+DMI,TFLX+PROT,4,100,15.6175,North,100,39.9275,4.605170185988092,5.0487097934144744e-33
12,2014,Planaltina,DF,BRS 208,13/02/2014,QoI+DMI,TFLX+TEBU,4,100,15.6175,North,100,37.4975,4.605170185988092,5.0487097934144744e-33
13,2014,Londrina,PR,MARFIM,03/03/2014,check,AACHECK,4,98.5,901.435,South,98.5,901.435,4.590056548178043,0.010093183261778169
13,2014,Londrina,PR,MARFIM,03/03/2014,DMI,TEBU,4,98.5,901.435,South,81,1163.76,4.394449154672439,0.014925558192590647
13,2014,Londrina,PR,MARFIM,03/03/2014,DTC,MANC,4,98.5,901.435,South,68.25,1799.7350000000001,4.223177434065069,0.021023029918895944
13,2014,Londrina,PR,MARFIM,03/03/2014,QoI+DMI,AZOX+TEBU,4,98.5,901.435,South,76.25,1396.11,4.334017415487521,0.016843057208550345
13,2014,Londrina,PR,MARFIM,03/03/2014,QoI+DMI,TFLX+PROT,4,98.5,901.435,South,76.5,1363.755,4.33729074083249,0.016733151745326538
13,2014,Londrina,PR,MARFIM,03/03/2014,QoI+DMI,TFLX+TEBU,4,98.5,901.435,South,86.75,1298.58,4.4630304188269685,0.013012527276411195
14,2014,Londrina,PR,MARFIM,13/03/2014,check,AACHECK,4,87.5,518.74,South,87.5,518.74,4.471638793363569,0.0018172983479105894
14,2014,Londrina,PR,MARFIM,13/03/2014,DMI,TEBU,4,87.5,518.74,South,60,935.1225,4.0943445622221,0.003864914021164014
14,2014,Londrina,PR,MARFIM,13/03/2014,DTC,MANC,4,87.5,518.74,South,32.5,1687.5,3.481240089335692,0.013172724711186225
14,2014,Londrina,PR,MARFIM,13/03/2014,QoI+DMI,AZOX+TEBU,4,87.5,518.74,South,58.75,1050.1875,4.073291153024268,0.004031128069154318
14,2014,Londrina,PR,MARFIM,13/03/2014,QoI+DMI,TFLX+PROT,4,87.5,518.74,South,57.5,974.4925,4.051784947803305,0.004208299576919607
14,2014,Londrina,PR,MARFIM,13/03/2014,QoI+DMI,TFLX+TEBU,4,87.5,518.74,South,65,928.095,4.174387269895637,0.003293181177796556
15,2014,Itaberá,SP,QUARTZO,18/03/2014,check,AACHECK,4,49.13,2173.0525,South,49.13,2173.0525,3.894469846180557,0.006001705406746464
15,2014,Itaberá,SP,QUARTZO,18/03/2014,DMI,TEBU,4,49.13,2173.0525,South,32.785000000000004,2403.4725,3.489971093715583,0.013477763351374352
15,2014,Itaberá,SP,QUARTZO,18/03/2014,DTC,MANC,4,49.13,2173.0525,South,24.18,2882.4325,3.1855258451866466,0.024777393010686988
15,2014,Itaberá,SP,QUARTZO,18/03/2014,QoI+DMI,AZOX+TEBU,4,49.13,2173.0525,South,32.195,2400.1475,3.4718111609901467,0.013976271987456837
15,2014,Itaberá,SP,QUARTZO,18/03/2014,QoI+DMI,TFLX+PROT,4,49.13,2173.0525,South,35.6975,2688.9800000000005,3.5750806583223134,0.01136822336316528
15,2014,Itaberá,SP,QUARTZO,18/03/2014,QoI+DMI,TFLX+TEBU,4,49.13,2173.0525,South,31.900000000000002,2593.3050000000003,3.462606009790799,0.014235962537024582
16,2014,Palotina,PR,CD 111,04/04/2014,check,AACHECK,4,86,1281.25,South,86,1281.25,4.454347296253507,0.002727369792337345
16,2014,Palotina,PR,CD 111,04/04/2014,DMI,TEBU,4,86,1281.25,South,89.5,2387.5,4.4942386252808095,0.002518226894806904
16,2014,Palotina,PR,CD 111,04/04/2014,DTC,MANC,4,86,1281.25,South,82.75,2195.75,4.415824014257172,0.002945811299148712
16,2014,Palotina,PR,CD 111,04/04/2014,QoI+DMI,AZOX+TEBU,4,86,1281.25,South,77.25,2289.5,4.347046915777855,0.0033802121023662514
16,2014,Palotina,PR,CD 111,04/04/2014,QoI+DMI,TFLX+PROT,4,86,1281.25,South,94,2139.5,4.543294782270004,0.002282891238583862
16,2014,Palotina,PR,CD 111,04/04/2014,QoI+DMI,TFLX+TEBU,4,86,1281.25,South,84.5,2156.25,4.436751534363128,0.002825058924285144
17,2014,Palmeira,PR,MARFIM,20/06/2014,check,AACHECK,4,30,2760.985,South,30,2760.985,3.4011973816621555,0.004350749559082895
17,2014,Palmeira,PR,MARFIM,20/06/2014,DMI,TEBU,4,30,2760.985,South,14.25,3486.765,2.6567569067146595,0.019283100538871556
17,2014,Palmeira,PR,MARFIM,20/06/2014,DTC,MANC,4,30,2760.985,South,16.5,3179.0950000000003,2.803360380906535,0.014382643170521965
17,2014,Palmeira,PR,MARFIM,20/06/2014,QoI+DMI,AZOX+TEBU,4,30,2760.985,South,10.5,3495.1825,2.3513752571634776,0.03551632293128894
17,2014,Palmeira,PR,MARFIM,20/06/2014,QoI+DMI,TFLX+PROT,4,30,2760.985,South,15.25,3377.44,2.7245795030534206,0.01683708509830521
17,2014,Palmeira,PR,MARFIM,20/06/2014,QoI+DMI,TFLX+TEBU,4,30,2760.985,South,15.5,3215.8175,2.740840023925201,0.016298333415919273
18,2014,Palmeira,PR,TBIO TIBAGI,20/06/2014,check,AACHECK,4,36.25,2937.0474999999997,South,36.25,2937.0474999999997,3.590439381300684,4.6580978804522367e-4
18,2014,Palmeira,PR,TBIO TIBAGI,20/06/2014,DMI,TEBU,4,36.25,2937.0474999999997,South,21,3215.4525000000003,3.044522437723423,0.0013879890580570902
18,2014,Palmeira,PR,TBIO TIBAGI,20/06/2014,DTC,MANC,4,36.25,2937.0474999999997,South,26.5,3028.7225,3.2771447329921766,8.716314341091873e-4
18,2014,Palmeira,PR,TBIO TIBAGI,20/06/2014,QoI+DMI,AZOX+TEBU,4,36.25,2937.0474999999997,South,12.75,3309.3425,2.5455312716044354,0.0037653405588815177
18,2014,Palmeira,PR,TBIO TIBAGI,20/06/2014,QoI+DMI,TFLX+PROT,4,36.25,2937.0474999999997,South,21,3242.2275,3.044522437723423,0.0013879890580570902
18,2014,Palmeira,PR,TBIO TIBAGI,20/06/2014,QoI+DMI,TFLX+TEBU,4,36.25,2937.0474999999997,South,22,3186.7650000000003,3.091042453358316,0.0012646759805850759
19,2015,Londrina,PR,IPRCaturaraTM,10/03/2015,check,AACHECK,4,87.5,71,South,87.5,71,4.471638793363569,0.0031263513886757707
19,2015,Londrina,PR,IPRCaturaraTM,10/03/2015,DTC,MANC,4,87.5,71,South,47.6,604.375,3.859924492374293,0.01074988089482648
19,2015,Londrina,PR,IPRCaturaraTM,10/03/2015,QoI+DMI,TFLX+PROT,4,87.5,71,South,36.875,863.75,3.607533814659984,0.017603127612193365
19,2015,Londrina,PR,IPRCaturaraTM,10/03/2015,QoI+DMI,TFLX+TEBU,4,87.5,71,South,63.65,561.75,4.153399325003416,0.005908225726179259
20,2015,Londrina,PR,IPRCaturaraTM,10/04/2015,check,AACHECK,4,31.8075,761.27,South,31.8075,761.27,3.4597021110347184,0.0021904231502753906
20,2015,Londrina,PR,IPRCaturaraTM,10/04/2015,DTC,MANC,4,31.8075,761.27,South,4.0375,1265.67375,1.387099376784237,0.14303931706546041
20,2015,Londrina,PR,IPRCaturaraTM,10/04/2015,QoI+DMI,TFLX+PROT,4,31.8075,761.27,South,14.4775,984.2375,2.672595720117808,0.010573041705822381
20,2015,Londrina,PR,IPRCaturaraTM,10/04/2015,QoI+DMI,TFLX+TEBU,4,31.8075,761.27,South,18.2275,960.67,2.9029314426984483,0.006670108196366933
21,2015,Palmeira,PR,CELEBRA,10/06/2015,check,AACHECK,4,14.615,1100.59,South,14.615,1100.59,2.682048398563209,0.0040998488470956945
21,2015,Palmeira,PR,CELEBRA,10/06/2015,DTC,MANC,4,14.615,1100.59,South,6.2325,1628.0124999999998,1.829777536415576,0.022544515713596124
21,2015,Palmeira,PR,CELEBRA,10/06/2015,QoI+DMI,AZOX+TEBU,4,14.615,1100.59,South,1.94,1485.3825,0.6626879730752367,0.23268159116482537
21,2015,Palmeira,PR,CELEBRA,10/06/2015,QoI+DMI,TFLX+PROT,4,14.615,1100.59,South,3.205,1725.2849999999999,1.1647120903726333,0.085252950271045555
21,2015,Palmeira,PR,CELEBRA,10/06/2015,QoI+DMI,TFLX+TEBU,4,14.615,1100.59,South,4.9275,1453.795,1.5948317600447384,0.03606718263148218
22,2015,Itaberá,SP,QUARTZO,13/02/2015,check,AACHECK,4,57.8725,1566.35,South,57.8725,1566.35,4.0582423149291245,0.018963560121893805
22,2015,Itaberá,SP,QUARTZO,13/02/2015,QoI+DMI,TFLX+PROT,4,57.8725,1566.35,South,51.8475,1640.1225,3.9483067175053925,0.02362700752067547
22,2015,Itaberá,SP,QUARTZO,13/02/2015,QoI+DMI,TFLX+TEBU,4,57.8725,1566.35,South,60.62,1447.1799999999998,4.104624871629657,0.017283531918830995
23,2015,Campo Verde,MT,BRS 404,10/03/2015,check,AACHECK,4,100,NA,North,100,NA,4.605170185988092,0.0031282096171802044
23,2015,Campo Verde,MT,BRS 404,10/03/2015,DTC,MANC,4,100,NA,North,85,NA,4.442651256490317,0.00432970189229094
23,2015,Campo Verde,MT,BRS 404,10/03/2015,QoI+DMI,TFLX+PROT,4,100,NA,North,97.5,NA,4.579852378003801,0.0032906873027536664
23,2015,Campo Verde,MT,BRS 404,10/03/2015,QoI+DMI,TFLX+TEBU,4,100,NA,North,82.5,NA,4.412798293340635,0.004596083918722063
24,2015,Uberaba,MG,BRS 264,10/03/2015,check,AACHECK,4,41.845,NA,North,41.845,NA,3.7339723154848374,0.002978138975627621
24,2015,Uberaba,MG,BRS 264,10/03/2015,DTC,MANC,4,41.845,NA,North,32.38,NA,3.477540948249489,0.004973686596639181
24,2015,Uberaba,MG,BRS 264,10/03/2015,QoI+DMI,TFLX+PROT,4,41.845,NA,North,30.630000000000003,NA,3.421979920844684,0.005558250441174278
24,2015,Uberaba,MG,BRS 264,10/03/2015,QoI+DMI,TFLX+TEBU,4,41.845,NA,North,30.4,NA,3.414442608412176,0.0056426737072945606
25,2016,Londrina,PR,BRS SABIÁ,21/03/2019,check,AACHECK,4,15.75,1187.75,South,15.75,1187.75,2.7568403652716422,0.022656793154465896
25,2016,Londrina,PR,BRS SABIÁ,21/03/2019,DTC,MANC,4,15.75,1187.75,South,7,1427.625,1.9297065275779244,0.1262828889207087
25,2016,Londrina,PR,BRS SABIÁ,21/03/2019,QoI+DMI,TFLX+PROT,4,15.75,1187.75,South,13.25,1755,2.583997552432231,0.03201310503028663
25,2016,Londrina,PR,BRS SABIÁ,21/03/2019,QoI+DMI,TFLX+TEBU,4,15.75,1187.75,South,8,1734.5,2.0794415416798357,0.08781719924812026
26,2016,Palmeira,PR,CELEBRA,25/05/2016,check,AACHECK,4,3.17,2521.69,South,3.17,2521.69,1.1537315878891892,0.002994592021935809
26,2016,Palmeira,PR,CELEBRA,25/05/2016,DTC,MANC,4,3.17,2521.69,South,1.33375,3150.1225000000004,0.2825539109635393,0.017475653424576
26,2016,Palmeira,PR,CELEBRA,25/05/2016,QoI+DMI,TFLX+PROT,4,3.17,2521.69,South,1.34,2959.4,0.29266961396282004,0.016758941729355506
26,2016,Palmeira,PR,CELEBRA,25/05/2016,QoI+DMI,TFLX+TEBU,4,3.17,2521.69,South,1.6575,2713.67,0.5053104430778805,0.01095340418245354
27,2016,Planaltina,DF,BRS 208,03/07/2016,check,AACHECK,4,0.75,1449.5,North,0.75,1449.5,-0.2876820724517809,0.1728395061728395
27,2016,Planaltina,DF,BRS 208,03/07/2016,DTC,MANC,4,0.75,1449.5,North,0.25,1667.25,-1.3862943611198906,1.5555555555555556
27,2016,Planaltina,DF,BRS 208,03/07/2016,QoI+DMI,TFLX+PROT,4,0.75,1449.5,North,0.25,1501.75,-1.3862943611198906,1.5555555555555556
27,2016,Planaltina,DF,BRS 208,03/07/2016,QoI+DMI,TFLX+TEBU,4,0.75,1449.5,North,0.75,1390,-0.2876820724517809,0.1728395061728395
28,2016,Campo Verde,MT,BRS 404,22/03/2016,check,AACHECK,4,19.5,562,North,19.5,562,2.970414465569701,1.6436554898093293e-4
28,2016,Campo Verde,MT,BRS 404,22/03/2016,DTC,MANC,4,19.5,562,North,20,850.75,2.995732273553991,1.5624999999999938e-4
28,2016,Campo Verde,MT,BRS 404,22/03/2016,QoI+DMI,TFLX+PROT,4,19.5,562,North,20,683.75,2.995732273553991,1.5624999999999938e-4
28,2016,Campo Verde,MT,BRS 404,22/03/2016,QoI+DMI,TFLX+TEBU,4,19.5,562,North,20,736.25,2.995732273553991,1.5624999999999938e-4
31,2017,Planaltina,DF,BRS 404,15/02/2017,check,AACHECK,4,7.6,1231.25,North,7.6,1231.25,2.028148247292285,0.002519405009233612
31,2017,Planaltina,DF,BRS 404,15/02/2017,DMI,TEBU,4,7.6,1231.25,North,5.575,1301.5,1.7182923173461826,0.004682043341578021
31,2017,Planaltina,DF,BRS 404,15/02/2017,DTC,MANC,4,7.6,1231.25,North,6.175,1243.25,1.820508882514041,0.0038163768187207377
31,2017,Planaltina,DF,BRS 404,15/02/2017,QoI+DMI,TFLX+PROT,4,7.6,1231.25,North,4.1,1033,1.410986973710262,0.008656801507039466
31,2017,Planaltina,DF,BRS 404,15/02/2017,QoI+DMI,TFLX+TEBU,4,7.6,1231.25,North,3.95,1220.75,1.3737155789130306,0.009326763873310905
32,2017,Palmeira,PR,TBio Toruk,24/06/2017,check,AACHECK,4,27.5,2456,South,27.5,2456,3.3141860046725258,0.007020347413529233
32,2017,Palmeira,PR,TBio Toruk,24/06/2017,DTC,MANC,4,27.5,2456,South,28.325000000000003,2932,3.3437448069140703,0.006617350752690387
32,2017,Palmeira,PR,TBio Toruk,24/06/2017,QoI+DMI,PYRA+EPOX,4,27.5,2456,South,32.5,2658.75,3.481240089335692,0.005026402586017971
32,2017,Palmeira,PR,TBio Toruk,24/06/2017,QoI+DMI,TFLX+PROT,4,27.5,2456,South,31.675,2870,3.455527726207203,0.005291645535707509
32,2017,Palmeira,PR,TBio Toruk,24/06/2017,QoI+DMI,TFLX+TEBU,4,27.5,2456,South,27.5,2898.25,3.3141860046725258,0.007020347413529233
33,2017,Campo Mourão,PR,BRS 208,20/04/2017,check,AACHECK,4,17.3575,2887.5,South,17.3575,2887.5,2.8540246896452914,0.021329892234440026
33,2017,Campo Mourão,PR,BRS 208,20/04/2017,DTC,MANC,4,17.3575,2887.5,South,4.81,3055.75,1.5706970841176697,0.2777620164765097
33,2017,Campo Mourão,PR,BRS 208,20/04/2017,QoI+DMI,TFLX+PROT,4,17.3575,2887.5,South,6.1975,3017,1.8241459849272086,0.16731309702661668
33,2017,Campo Mourão,PR,BRS 208,20/04/2017,QoI+DMI,TFLX+TEBU,4,17.3575,2887.5,South,6.095,2920.25,1.8074687629332349,0.17298784529074926
34,2017,Campo Mourão,PR,BRS 208,15/05/2017,check,AACHECK,4,7.1325,2956.75,South,7.1325,2956.75,1.964661804105518,0.024606558929122817
34,2017,Campo Mourão,PR,BRS 208,15/05/2017,DTC,MANC,4,7.1325,2956.75,South,3.6825,2899,1.3035918693546482,0.09231003895809958
34,2017,Campo Mourão,PR,BRS 208,15/05/2017,QoI+DMI,PYRA+EPOX,4,7.1325,2956.75,South,6.2175,2849.25,1.8273678966954228,0.032381939526392636
34,2017,Campo Mourão,PR,BRS 208,15/05/2017,QoI+DMI,TFLX+PROT,4,7.1325,2956.75,South,4.61,2753.75,1.5282278570085572,0.05890234627357956
34,2017,Campo Mourão,PR,BRS 208,15/05/2017,QoI+DMI,TFLX+TEBU,4,7.1325,2956.75,South,7.4025,2833.5,2.0018177809936093,0.022844287286967257
35,2018,Campo Mourão,PR,BRS 208,06/03/2018,check,AACHECK,4,9.0675,1287.5,South,9.0675,1287.5,2.2046965921749204,0.03006153144122878
35,2018,Campo Mourão,PR,BRS 208,06/03/2018,DTC,MANC,8,9.0675,1287.5,South,5.08875,1392.125,1.6270322208350516,0.04772368861537488
35,2018,Campo Mourão,PR,BRS 208,06/03/2018,QoI+DMI,PYRA+EPOX,4,9.0675,1287.5,South,5.69,1661.25,1.7387102481382397,0.07634167720303722
35,2018,Campo Mourão,PR,BRS 208,06/03/2018,QoI+DMI,TFLX+PROT,4,9.0675,1287.5,South,2.4,1341.75,0.8754687373538999,0.42910516932174547
35,2018,Campo Mourão,PR,BRS 208,06/03/2018,QoI+DMI,TFLX+TEBU,4,9.0675,1287.5,South,5.0649999999999995,1525.75,1.6223541377006465,0.09634458945040257
36,2018,Campo Mourão,PR,BRS 208,29/03/2018,check,AACHECK,4,5.95,2099.25,South,5.95,2099.25,1.7833912195575383,0.09735443116352976
36,2018,Campo Mourão,PR,BRS 208,29/03/2018,DTC,MANC,8,5.95,2099.25,South,7.3175,2219,1.9902687395839038,0.0321835685242564
36,2018,Campo Mourão,PR,BRS 208,29/03/2018,QoI+DMI,PYRA+EPOX,4,5.95,2099.25,South,5.26,NA,1.6601310267496185,0.12457134877137385
36,2018,Campo Mourão,PR,BRS 208,29/03/2018,QoI+DMI,TFLX+PROT,4,5.95,2099.25,South,4.3175,2171.25,1.4626765310386967,0.18489491296906016
36,2018,Campo Mourão,PR,BRS 208,29/03/2018,QoI+DMI,TFLX+TEBU,4,5.95,2099.25,South,4.3925,2411.5,1.4798985410791152,0.17863481916960114
37,2018,Campo Verde,MT,BRS 404,24/03/2018,check,AACHECK,4,68,1000,North,68,1000,4.219507705176107,0.002206483083429454
37,2018,Campo Verde,MT,BRS 404,24/03/2018,DTC,MANC,4,68,1000,North,71,1729.25,4.2626798770413155,0.002023959091009283
37,2018,Campo Verde,MT,BRS 404,24/03/2018,QoI+DMI,PYRA+EPOX,4,68,1000,North,74.25,1645.75,4.307437777682809,0.0018506551989529948
37,2018,Campo Verde,MT,BRS 404,24/03/2018,QoI+DMI,TFLX+PROT,4,68,1000,North,74,1500.25,4.30406509320417,0.0018631807483158866
37,2018,Campo Verde,MT,BRS 404,24/03/2018,QoI+DMI,TFLX+TEBU,4,68,1000,North,74.25,1250,4.307437777682809,0.0018506551989529948
38,2018,Palmeira,PR,TBio Toruk,02/07/2018,check,AACHECK,4,59,2107.3250000000003,South,59,2107.3250000000003,4.07753744390572,6.521577967028388e-4
38,2018,Palmeira,PR,TBio Toruk,02/07/2018,DTC,MANC,8,59,2107.3250000000003,South,32.25,2675.75,3.4735180432417816,0.0010913581108455415
38,2018,Palmeira,PR,TBio Toruk,02/07/2018,QoI+DMI,PYRA+EPOX,4,59,2107.3250000000003,South,34,2222.8,3.5263605246161616,0.0019638073445697075
38,2018,Palmeira,PR,TBio Toruk,02/07/2018,QoI+DMI,TFLX+PROT,4,59,2107.3250000000003,South,42.75,2258.7,3.755369195382769,0.00124217983807535
38,2018,Palmeira,PR,TBio Toruk,02/07/2018,QoI+DMI,TFLX+TEBU,4,59,2107.3250000000003,South,43.75,2257.45,3.7784916128036232,0.0011860434496379203
39,2018,Planaltina,DF,BRS 404,09/02/2018,check,AACHECK,4,94.0175,687.1,North,94.0175,687.1,4.543480935155246,0.0017594012477938304
39,2018,Planaltina,DF,BRS 404,09/02/2018,DTC,MANC,8,94.0175,687.1,North,95.135,1262.9125,4.555296935492364,8.59155258363708e-4
39,2018,Planaltina,DF,BRS 404,09/02/2018,QoI+DMI,PYRA+EPOX,4,94.0175,687.1,North,100,832.925,4.605170185988092,0.001555185839442816
39,2018,Planaltina,DF,BRS 404,09/02/2018,QoI+DMI,TFLX+PROT,4,94.0175,687.1,North,98.7525,1165.825,4.592616719916472,0.001594726074766142
39,2018,Planaltina,DF,BRS 404,09/02/2018,QoI+DMI,TFLX+TEBU,4,94.0175,687.1,North,85.25,1049.175,4.445588116163626,0.0021399001927301154
40,2019,Planaltina,DF,BRS 404,13/02/2019,check,AACHECK,4,100,59.875,North,100,59.875,4.605170185988092,4.3972633684577714e-32
40,2019,Planaltina,DF,BRS 404,13/02/2019,DTC,MANC,8,100,59.875,North,100,125.4375,4.605170185988092,2.1986316842288857e-32
40,2019,Planaltina,DF,BRS 404,13/02/2019,QoI+DMI,PYRA+EPOX,4,100,59.875,North,100,89.3125,4.605170185988092,4.3972633684577714e-32
40,2019,Planaltina,DF,BRS 404,13/02/2019,QoI+DMI,TFLX+PROT,4,100,59.875,North,100,120.35499999999999,4.605170185988092,4.3972633684577714e-32
40,2019,Planaltina,DF,BRS 404,13/02/2019,QoI+DMI,TFLX+TEBU,4,100,59.875,North,100,121.77000000000001,4.605170185988092,4.3972633684577714e-32
41,2019,Guarapuava,PR,TBio Toruk,01/02/2019,check,AACHECK,4,96.6925,571.643,South,96.6925,571.643,4.571535839989104,0.0014147605271535616
41,2019,Guarapuava,PR,TBio Toruk,01/02/2019,DTC,MANC,8,96.6925,571.643,South,93.04,967.3249999999999,4.533029508210409,7.640101236973982e-4
41,2019,Guarapuava,PR,TBio Toruk,01/02/2019,QoI+DMI,PYRA+EPOX,4,96.6925,571.643,South,95.4025,851.365,4.5581047835616175,0.001453279011908255
41,2019,Guarapuava,PR,TBio Toruk,01/02/2019,QoI+DMI,TFLX+PROT,4,96.6925,571.643,South,91.53,672.8475,4.516666787396688,0.0015788526039508585
41,2019,Guarapuava,PR,TBio Toruk,01/02/2019,QoI+DMI,TFLX+TEBU,4,96.6925,571.643,South,87.23,245.33599999999998,4.468548308445127,0.001738348181049837
42,2019,Palmeira,PR,TBio Sinuelo,03/07/2019,check,AACHECK,4,25,607.54075,South,25,607.54075,3.2188758248682006,0.010242228739002924
42,2019,Palmeira,PR,TBio Sinuelo,03/07/2019,DTC,MANC,8,25,607.54075,South,12.75,1537.57625,2.5455312716044354,0.019689021028456218
42,2019,Palmeira,PR,TBio Sinuelo,03/07/2019,QoI+DMI,PYRA+EPOX,4,25,607.54075,South,4.5,1825.6225,1.5040773967762742,0.3161181709568804
42,2019,Palmeira,PR,TBio Sinuelo,03/07/2019,QoI+DMI,TFLX+PROT,4,25,607.54075,South,9.5,1812.83,2.2512917986064953,0.07092956190445238
42,2019,Palmeira,PR,TBio Sinuelo,03/07/2019,QoI+DMI,TFLX+TEBU,4,25,607.54075,South,11,1722.625,2.3978952727983707,0.05290407406509775
44,2020,Planaltina,DF,BRS 404,10/02/2020,check,AACHECK,4,95.4275,360.1,North,95.4275,360.1,4.5583667968733925,3.47035029610691e-4
44,2020,Planaltina,DF,BRS 404,10/02/2020,DTC,MANC,8,95.4275,360.1,North,97.5,679.4125,4.579852378003801,1.6621919712490437e-4
44,2020,Planaltina,DF,BRS 404,10/02/2020,QoI+DMI,PYRA+EPOX,4,95.4275,360.1,North,99.5,499.725,4.600157644164547,3.19208351843362e-4
44,2020,Planaltina,DF,BRS 404,10/02/2020,QoI+DMI,TFLX+PROT,4,95.4275,360.1,North,99,600.575,4.59511985013459,3.224408208690179e-4
44,2020,Planaltina,DF,BRS 404,10/02/2020,QoI+DMI,TFLX+TEBU,4,95.4275,360.1,North,93.75,571.25,4.54063166485052,3.5956536722059313e-4
