study,year,location,state,cultivar,data_sowing,group,active_ingredient,n,sev_check,inc_check,index_check,yld_check,region,mean_sev,mean_inc,mean_yld,vi_yld
1,2012,Dourados,MS,BRS 208,16/03/2012,check,AACHECK,4,73.57499999999999,93.3,68.653275,1097,North,73.57499999999999,93.3,1097,11157.429487179486
1,2012,Dourados,MS,BRS 208,16/03/2012,DMI,TEBU,4,73.57499999999999,93.3,68.653275,1097,North,53.1,67.8,1528,11157.429487179486
1,2012,Dourados,MS,BRS 208,16/03/2012,QoI+DMI,AZOX+TEBU,4,73.57499999999999,93.3,68.653275,1097,North,56.5375,73.75,1340,11157.429487179486
1,2012,Dourados,MS,BRS 208,16/03/2012,QoI+DMI,PYRA+EPOX,4,73.57499999999999,93.3,68.653275,1097,North,62.400000000000006,80.0375,1315,11157.429487179486
1,2012,Dourados,MS,BRS 208,16/03/2012,QoI+DMI,TFLX+PROT,4,73.57499999999999,93.3,68.653275,1097,North,68.55,84.4,1242,11157.429487179486
1,2012,Dourados,MS,BRS 208,16/03/2012,QoI+DMI,TFLX+TEBU,4,73.57499999999999,93.3,68.653275,1097,North,62.6,77.075,1450,11157.429487179486
2,2012,Palotina,PR,BRS 208,15/04/2012,check,AACHECK,4,28.64,40.5,11.72585,1219.375,South,28.64,40.5,1219.375,7298.315099105241
2,2012,Palotina,PR,BRS 208,15/04/2012,DMI,TEBU,4,28.64,40.5,11.72585,1219.375,South,18.06,41.5,1570.835,7298.315099105241
2,2012,Palotina,PR,BRS 208,15/04/2012,QoI+DMI,AZOX+TEBU,4,28.64,40.5,11.72585,1219.375,South,12.228750000000002,46.75,1555.5212499999998,7298.315099105241
2,2012,Palotina,PR,BRS 208,15/04/2012,QoI+DMI,PYRA+EPOX,4,28.64,40.5,11.72585,1219.375,South,16.56375,32.5,1553.5425,7298.315099105241
2,2012,Palotina,PR,BRS 208,15/04/2012,QoI+DMI,TFLX+PROT,4,28.64,40.5,11.72585,1219.375,South,10.6675,55.5,1731.4575,7298.315099105241
2,2012,Palotina,PR,BRS 208,15/04/2012,QoI+DMI,TFLX+TEBU,4,28.64,40.5,11.72585,1219.375,South,17.945,40.25,1540.0825,7298.315099105241
3,2012,Londrina,PR,MARFIM,07/04/2012,check,AACHECK,4,92.8625,100,92.8625,495.1225,South,92.8625,100,495.1225,2706.824202153777
3,2012,Londrina,PR,MARFIM,07/04/2012,DMI,TEBU,4,92.8625,100,92.8625,495.1225,South,57.2375,78.25,1022.31,2706.824202153777
3,2012,Londrina,PR,MARFIM,07/04/2012,QoI+DMI,AZOX+TEBU,4,92.8625,100,92.8625,495.1225,South,58.59375,81.375,985.27,2706.824202153777
3,2012,Londrina,PR,MARFIM,07/04/2012,QoI+DMI,PYRA+EPOX,4,92.8625,100,92.8625,495.1225,South,75.6625,91.125,732.3187499999999,2706.824202153777
3,2012,Londrina,PR,MARFIM,07/04/2012,QoI+DMI,TFLX+PROT,4,92.8625,100,92.8625,495.1225,South,60.025,89,885.4,2706.824202153777
3,2012,Londrina,PR,MARFIM,07/04/2012,QoI+DMI,TFLX+TEBU,4,92.8625,100,92.8625,495.1225,South,52.9875,70.5,933.99,2706.824202153777
4,2012,Planaltina,DF,BRS 208,09/03/2012,check,AACHECK,4,16.05,35.5,6.3645000000000005,1747.4375,North,16.05,35.5,1747.4375,45813.49655983666
4,2012,Planaltina,DF,BRS 208,09/03/2012,DMI,TEBU,4,16.05,35.5,6.3645000000000005,1747.4375,North,8.05,19.25,2191.625,45813.49655983666
4,2012,Planaltina,DF,BRS 208,09/03/2012,QoI+DMI,AZOX+TEBU,4,16.05,35.5,6.3645000000000005,1747.4375,North,8.875,21,2073.4375,45813.49655983666
4,2012,Planaltina,DF,BRS 208,09/03/2012,QoI+DMI,PYRA+EPOX,4,16.05,35.5,6.3645000000000005,1747.4375,North,14.9,32.75,1885.875,45813.49655983666
4,2012,Planaltina,DF,BRS 208,09/03/2012,QoI+DMI,TFLX+PROT,4,16.05,35.5,6.3645000000000005,1747.4375,North,12.725,25.75,2007.9375,45813.49655983666
4,2012,Planaltina,DF,BRS 208,09/03/2012,QoI+DMI,TFLX+TEBU,4,16.05,35.5,6.3645000000000005,1747.4375,North,9.5,18.5,2279.375,45813.49655983666
5,2012,Itaberá,SP,BRS 208,20/02/2012,check,AACHECK,4,4.4799999999999995,7.7124999999999995,0.35126024999999994,2148.3075,South,4.4799999999999995,7.7124999999999995,2148.3075,43719.75978808761
5,2012,Itaberá,SP,BRS 208,20/02/2012,DMI,TEBU,4,4.4799999999999995,7.7124999999999995,0.35126024999999994,2148.3075,South,3.28,5.05,2579.27,43719.75978808761
5,2012,Itaberá,SP,BRS 208,20/02/2012,QoI+DMI,AZOX+TEBU,4,4.4799999999999995,7.7124999999999995,0.35126024999999994,2148.3075,South,2.4725,4.2524999999999995,2585.665,43719.75978808761
5,2012,Itaberá,SP,BRS 208,20/02/2012,QoI+DMI,PYRA+EPOX,4,4.4799999999999995,7.7124999999999995,0.35126024999999994,2148.3075,South,2.29375,3.74625,2479.1575000000003,43719.75978808761
5,2012,Itaberá,SP,BRS 208,20/02/2012,QoI+DMI,TFLX+PROT,4,4.4799999999999995,7.7124999999999995,0.35126024999999994,2148.3075,South,2.7800000000000002,4.7475,2482.5925,43719.75978808761
5,2012,Itaberá,SP,BRS 208,20/02/2012,QoI+DMI,TFLX+TEBU,4,4.4799999999999995,7.7124999999999995,0.35126024999999994,2148.3075,South,2.2025,3.5575,2660.9625,43719.75978808761
6,2013,Dourados,MS,BRS 208,28/03/2013,check,AACHECK,4,18.825,48.7,9.172025,506,North,18.825,48.7,506,990.0059523809527
6,2013,Dourados,MS,BRS 208,28/03/2013,DMI,TEBU,4,18.825,48.7,9.172025,506,North,9.45,15.2,964,990.0059523809527
6,2013,Dourados,MS,BRS 208,28/03/2013,DTC,MANC,4,18.825,48.7,9.172025,506,North,8.025,17.5,957,990.0059523809527
6,2013,Dourados,MS,BRS 208,28/03/2013,QoI+DMI,AZOX+TEBU,4,18.825,48.7,9.172025,506,North,11.75,20.1,764,990.0059523809527
6,2013,Dourados,MS,BRS 208,28/03/2013,QoI+DMI,PYRA+EPOX,4,18.825,48.7,9.172025,506,North,14.325,38,559,990.0059523809527
6,2013,Dourados,MS,BRS 208,28/03/2013,QoI+DMI,TFLX+PROT,4,18.825,48.7,9.172025,506,North,10.75,25.1,726,990.0059523809527
6,2013,Dourados,MS,BRS 208,28/03/2013,QoI+DMI,TFLX+TEBU,4,18.825,48.7,9.172025,506,North,9.625,23,751,990.0059523809527
7,2013,Patos de Minas,MG,BRS 208,11/04/2013,check,AACHECK,4,13.075,22,2.91,1562.75,North,13.075,22,1562.75,9394.082222222221
7,2013,Patos de Minas,MG,BRS 208,11/04/2013,DMI,TEBU,4,13.075,22,2.91,1562.75,North,5.725,11.25,1925.5,9394.082222222221
7,2013,Patos de Minas,MG,BRS 208,11/04/2013,DTC,MANC,4,13.075,22,2.91,1562.75,North,8.3,16.5,1572.5,9394.082222222221
7,2013,Patos de Minas,MG,BRS 208,11/04/2013,QoI+DMI,AZOX+TEBU,4,13.075,22,2.91,1562.75,North,7.05,12.875,1650.75,9394.082222222221
7,2013,Patos de Minas,MG,BRS 208,11/04/2013,QoI+DMI,PYRA+EPOX,4,13.075,22,2.91,1562.75,North,8.725,17.5,1536.25,9394.082222222221
7,2013,Patos de Minas,MG,BRS 208,11/04/2013,QoI+DMI,TFLX+PROT,4,13.075,22,2.91,1562.75,North,5.1,9.5,1936.75,9394.082222222221
7,2013,Patos de Minas,MG,BRS 208,11/04/2013,QoI+DMI,TFLX+TEBU,4,13.075,22,2.91,1562.75,North,6.6,11.75,1642,9394.082222222221
8,2013,Planaltina,DF,BRS 208,14/03/2013,check,AACHECK,4,22.175,46.5,10.407,3250.75,North,22.175,46.5,3250.75,43262.65055555557
8,2013,Planaltina,DF,BRS 208,14/03/2013,DMI,TEBU,4,22.175,46.5,10.407,3250.75,North,21.275,45.5,3498.75,43262.65055555557
8,2013,Planaltina,DF,BRS 208,14/03/2013,DTC,MANC,4,22.175,46.5,10.407,3250.75,North,16.175,34.25,3874.75,43262.65055555557
8,2013,Planaltina,DF,BRS 208,14/03/2013,QoI+DMI,AZOX+TEBU,4,22.175,46.5,10.407,3250.75,North,17.6625,37.375,3380.25,43262.65055555557
8,2013,Planaltina,DF,BRS 208,14/03/2013,QoI+DMI,PYRA+EPOX,4,22.175,46.5,10.407,3250.75,North,15.325,32.75,3343.75,43262.65055555557
8,2013,Planaltina,DF,BRS 208,14/03/2013,QoI+DMI,TFLX+PROT,4,22.175,46.5,10.407,3250.75,North,16.225,34.5,3522.75,43262.65055555557
8,2013,Planaltina,DF,BRS 208,14/03/2013,QoI+DMI,TFLX+TEBU,4,22.175,46.5,10.407,3250.75,North,16.1,33.5,3328,43262.65055555557
9,2013,Itaberá,SP,QUARTZO,15/02/2013,check,AACHECK,4,59.87,68.6125,41.8570725,967.105,South,59.87,68.6125,967.105,5711.92856861111
9,2013,Itaberá,SP,QUARTZO,15/02/2013,DMI,TEBU,4,59.87,68.6125,41.8570725,967.105,South,51.322500000000005,63.0175,1437.795,5711.92856861111
9,2013,Itaberá,SP,QUARTZO,15/02/2013,DTC,MANC,4,59.87,68.6125,41.8570725,967.105,South,57.06,53.55,2244.155,5711.92856861111
9,2013,Itaberá,SP,QUARTZO,15/02/2013,QoI+DMI,AZOX+TEBU,4,59.87,68.6125,41.8570725,967.105,South,59.65375,71.35125,1217.2949999999998,5711.92856861111
9,2013,Itaberá,SP,QUARTZO,15/02/2013,QoI+DMI,PYRA+EPOX,4,59.87,68.6125,41.8570725,967.105,South,58.585,64.5025,1138.9775,5711.92856861111
9,2013,Itaberá,SP,QUARTZO,15/02/2013,QoI+DMI,TFLX+PROT,4,59.87,68.6125,41.8570725,967.105,South,49.6575,61.9625,1501.5825,5711.92856861111
9,2013,Itaberá,SP,QUARTZO,15/02/2013,QoI+DMI,TFLX+TEBU,4,59.87,68.6125,41.8570725,967.105,South,62.55,74.325,1293.1525,5711.92856861111
10,2014,Patos de Minas,MG,BRS 208,12/03/2014,check,AACHECK,4,3.175,23.25,0.732,2740,North,3.175,23.25,2740,2466.7063492063457
10,2014,Patos de Minas,MG,BRS 208,12/03/2014,DMI,TEBU,4,3.175,23.25,0.732,2740,North,0.125,10,2994.5,2466.7063492063457
10,2014,Patos de Minas,MG,BRS 208,12/03/2014,DTC,MANC,4,3.175,23.25,0.732,2740,North,0.1,8,3077,2466.7063492063457
10,2014,Patos de Minas,MG,BRS 208,12/03/2014,QoI+DMI,AZOX+TEBU,4,3.175,23.25,0.732,2740,North,0.125,10,3035.5,2466.7063492063457
10,2014,Patos de Minas,MG,BRS 208,12/03/2014,QoI+DMI,TFLX+PROT,4,3.175,23.25,0.732,2740,North,0.1,7.5,3104.5,2466.7063492063457
10,2014,Patos de Minas,MG,BRS 208,12/03/2014,QoI+DMI,TFLX+TEBU,4,3.175,23.25,0.732,2740,North,0.175,12,2942.5,2466.7063492063457
11,2014,Patos de Minas,MG,BRS 264,10/04/2014,check,AACHECK,4,1.075,7.25,0.10625,4276.25,North,1.075,7.25,4276.25,3993.883928571446
11,2014,Patos de Minas,MG,BRS 264,10/04/2014,DMI,TEBU,4,1.075,7.25,0.10625,4276.25,North,0,1.75,4307.5,3993.883928571446
11,2014,Patos de Minas,MG,BRS 264,10/04/2014,DTC,MANC,4,1.075,7.25,0.10625,4276.25,North,0,1.75,4332.5,3993.883928571446
11,2014,Patos de Minas,MG,BRS 264,10/04/2014,QoI+DMI,AZOX+TEBU,4,1.075,7.25,0.10625,4276.25,North,0,2.75,4310.75,3993.883928571446
11,2014,Patos de Minas,MG,BRS 264,10/04/2014,QoI+DMI,TFLX+PROT,4,1.075,7.25,0.10625,4276.25,North,0,2.25,4299.75,3993.883928571446
11,2014,Patos de Minas,MG,BRS 264,10/04/2014,QoI+DMI,TFLX+TEBU,4,1.075,7.25,0.10625,4276.25,North,0,3.75,4308.25,3993.883928571446
12,2014,Planaltina,DF,BRS 208,13/02/2014,check,AACHECK,4,97.825,100,97.825,15.6175,North,97.825,100,15.6175,72.38541845238089
12,2014,Planaltina,DF,BRS 208,13/02/2014,DMI,TEBU,4,97.825,100,97.825,15.6175,North,97.225,100,50.365,72.38541845238089
12,2014,Planaltina,DF,BRS 208,13/02/2014,DTC,MANC,4,97.825,100,97.825,15.6175,North,78.95,100,83.475,72.38541845238089
12,2014,Planaltina,DF,BRS 208,13/02/2014,QoI+DMI,AZOX+TEBU,4,97.825,100,97.825,15.6175,North,93.5,100,74.50750000000001,72.38541845238089
12,2014,Planaltina,DF,BRS 208,13/02/2014,QoI+DMI,TFLX+PROT,4,97.825,100,97.825,15.6175,North,87.05,100,39.9275,72.38541845238089
12,2014,Planaltina,DF,BRS 208,13/02/2014,QoI+DMI,TFLX+TEBU,4,97.825,100,97.825,15.6175,North,90.475,100,37.4975,72.38541845238089
13,2014,Londrina,PR,MARFIM,03/03/2014,check,AACHECK,4,78.8875,98.5,77.65875,901.435,South,78.8875,98.5,901.435,7285.683719841277
13,2014,Londrina,PR,MARFIM,03/03/2014,DMI,TEBU,4,78.8875,98.5,77.65875,901.435,South,56.037499999999994,81,1163.76,7285.683719841277
13,2014,Londrina,PR,MARFIM,03/03/2014,DTC,MANC,4,78.8875,98.5,77.65875,901.435,South,39.8875,68.25,1799.7350000000001,7285.683719841277
13,2014,Londrina,PR,MARFIM,03/03/2014,QoI+DMI,AZOX+TEBU,4,78.8875,98.5,77.65875,901.435,South,54.1375,76.25,1396.11,7285.683719841277
13,2014,Londrina,PR,MARFIM,03/03/2014,QoI+DMI,TFLX+PROT,4,78.8875,98.5,77.65875,901.435,South,56.475,76.5,1363.755,7285.683719841277
13,2014,Londrina,PR,MARFIM,03/03/2014,QoI+DMI,TFLX+TEBU,4,78.8875,98.5,77.65875,901.435,South,58.707499999999996,86.75,1298.58,7285.683719841277
14,2014,Londrina,PR,MARFIM,13/03/2014,check,AACHECK,4,94.5,87.5,82.6125,518.74,South,94.5,87.5,518.74,3081.4700246031744
14,2014,Londrina,PR,MARFIM,13/03/2014,DMI,TEBU,4,94.5,87.5,82.6125,518.74,South,77.5,60,935.1225,3081.4700246031744
14,2014,Londrina,PR,MARFIM,13/03/2014,DTC,MANC,4,94.5,87.5,82.6125,518.74,South,55,32.5,1687.5,3081.4700246031744
14,2014,Londrina,PR,MARFIM,13/03/2014,QoI+DMI,AZOX+TEBU,4,94.5,87.5,82.6125,518.74,South,73.75,58.75,1050.1875,3081.4700246031744
14,2014,Londrina,PR,MARFIM,13/03/2014,QoI+DMI,TFLX+PROT,4,94.5,87.5,82.6125,518.74,South,76.25,57.5,974.4925,3081.4700246031744
14,2014,Londrina,PR,MARFIM,13/03/2014,QoI+DMI,TFLX+TEBU,4,94.5,87.5,82.6125,518.74,South,77.5,65,928.095,3081.4700246031744
15,2014,Itaberá,SP,QUARTZO,18/03/2014,check,AACHECK,4,28.677500000000002,49.13,14.482553500000002,2173.0525,South,28.677500000000002,49.13,2173.0525,13729.242666369058
15,2014,Itaberá,SP,QUARTZO,18/03/2014,DMI,TEBU,4,28.677500000000002,49.13,14.482553500000002,2173.0525,South,18.322499999999998,32.785000000000004,2403.4725,13729.242666369058
15,2014,Itaberá,SP,QUARTZO,18/03/2014,DTC,MANC,4,28.677500000000002,49.13,14.482553500000002,2173.0525,South,12.965,24.18,2882.4325,13729.242666369058
15,2014,Itaberá,SP,QUARTZO,18/03/2014,QoI+DMI,AZOX+TEBU,4,28.677500000000002,49.13,14.482553500000002,2173.0525,South,16.6325,32.195,2400.1475,13729.242666369058
15,2014,Itaberá,SP,QUARTZO,18/03/2014,QoI+DMI,TFLX+PROT,4,28.677500000000002,49.13,14.482553500000002,2173.0525,South,19.794999999999998,35.6975,2688.9800000000005,13729.242666369058
15,2014,Itaberá,SP,QUARTZO,18/03/2014,QoI+DMI,TFLX+TEBU,4,28.677500000000002,49.13,14.482553500000002,2173.0525,South,17.880000000000003,31.900000000000002,2593.3050000000003,13729.242666369058
16,2014,Palotina,PR,CD 111,04/04/2014,check,AACHECK,4,44.575,86,37.90825,1281.25,South,44.575,86,1281.25,12514.976190476213
16,2014,Palotina,PR,CD 111,04/04/2014,DMI,TEBU,4,44.575,86,37.90825,1281.25,South,28.275,89.5,2387.5,12514.976190476213
16,2014,Palotina,PR,CD 111,04/04/2014,DTC,MANC,4,44.575,86,37.90825,1281.25,South,29.205,82.75,2195.75,12514.976190476213
16,2014,Palotina,PR,CD 111,04/04/2014,QoI+DMI,AZOX+TEBU,4,44.575,86,37.90825,1281.25,South,37.875,77.25,2289.5,12514.976190476213
16,2014,Palotina,PR,CD 111,04/04/2014,QoI+DMI,TFLX+PROT,4,44.575,86,37.90825,1281.25,South,28.575,94,2139.5,12514.976190476213
16,2014,Palotina,PR,CD 111,04/04/2014,QoI+DMI,TFLX+TEBU,4,44.575,86,37.90825,1281.25,South,20.325,84.5,2156.25,12514.976190476213
17,2014,Palmeira,PR,MARFIM,20/06/2014,check,AACHECK,4,14.615,30,4.4979000000000005,2760.985,South,14.615,30,2760.985,4265.606140972185
17,2014,Palmeira,PR,MARFIM,20/06/2014,DMI,TEBU,4,14.615,30,4.4979000000000005,2760.985,South,3.6,14.25,3486.765,4265.606140972185
17,2014,Palmeira,PR,MARFIM,20/06/2014,DTC,MANC,4,14.615,30,4.4979000000000005,2760.985,South,6.2325,16.5,3179.0950000000003,4265.606140972185
17,2014,Palmeira,PR,MARFIM,20/06/2014,QoI+DMI,AZOX+TEBU,4,14.615,30,4.4979000000000005,2760.985,South,1.94,10.5,3495.1825,4265.606140972185
17,2014,Palmeira,PR,MARFIM,20/06/2014,QoI+DMI,TFLX+PROT,4,14.615,30,4.4979000000000005,2760.985,South,3.205,15.25,3377.44,4265.606140972185
17,2014,Palmeira,PR,MARFIM,20/06/2014,QoI+DMI,TFLX+TEBU,4,14.615,30,4.4979000000000005,2760.985,South,4.9275,15.5,3215.8175,4265.606140972185
18,2014,Palmeira,PR,TBIO TIBAGI,20/06/2014,check,AACHECK,4,22.105,36.25,8.07725,2937.0474999999997,South,22.105,36.25,2937.0474999999997,5207.139554265872
18,2014,Palmeira,PR,TBIO TIBAGI,20/06/2014,DMI,TEBU,4,22.105,36.25,8.07725,2937.0474999999997,South,5.1375,21,3215.4525000000003,5207.139554265872
18,2014,Palmeira,PR,TBIO TIBAGI,20/06/2014,DTC,MANC,4,22.105,36.25,8.07725,2937.0474999999997,South,10.5,26.5,3028.7225,5207.139554265872
18,2014,Palmeira,PR,TBIO TIBAGI,20/06/2014,QoI+DMI,AZOX+TEBU,4,22.105,36.25,8.07725,2937.0474999999997,South,2.4575,12.75,3309.3425,5207.139554265872
18,2014,Palmeira,PR,TBIO TIBAGI,20/06/2014,QoI+DMI,TFLX+PROT,4,22.105,36.25,8.07725,2937.0474999999997,South,4.375,21,3242.2275,5207.139554265872
18,2014,Palmeira,PR,TBIO TIBAGI,20/06/2014,QoI+DMI,TFLX+TEBU,4,22.105,36.25,8.07725,2937.0474999999997,South,7.012499999999999,22,3186.7650000000003,5207.139554265872
19,2015,Londrina,PR,IPRCaturaraTM,10/03/2015,check,AACHECK,4,83.95,87.5,74.2154,71,South,83.95,87.5,71,12094.882283834586
19,2015,Londrina,PR,IPRCaturaraTM,10/03/2015,DTC,MANC,4,83.95,87.5,74.2154,71,South,32.573750000000004,47.6,604.375,12094.882283834586
19,2015,Londrina,PR,IPRCaturaraTM,10/03/2015,QoI+DMI,TFLX+PROT,4,83.95,87.5,74.2154,71,South,27.75,36.875,863.75,12094.882283834586
19,2015,Londrina,PR,IPRCaturaraTM,10/03/2015,QoI+DMI,TFLX+TEBU,4,83.95,87.5,74.2154,71,South,48.375,63.65,561.75,12094.882283834586
20,2015,Londrina,PR,IPRCaturaraTM,10/04/2015,check,AACHECK,4,68.875,31.8075,22.7910125,761.27,South,68.875,31.8075,761.27,2395.93540235577
20,2015,Londrina,PR,IPRCaturaraTM,10/04/2015,DTC,MANC,4,68.875,31.8075,22.7910125,761.27,South,21.625,4.0375,1265.67375,2395.93540235577
20,2015,Londrina,PR,IPRCaturaraTM,10/04/2015,QoI+DMI,TFLX+PROT,4,68.875,31.8075,22.7910125,761.27,South,45.125,14.4775,984.2375,2395.93540235577
20,2015,Londrina,PR,IPRCaturaraTM,10/04/2015,QoI+DMI,TFLX+TEBU,4,68.875,31.8075,22.7910125,761.27,South,45.875,18.2275,960.67,2395.93540235577
21,2015,Palmeira,PR,CELEBRA,10/06/2015,check,AACHECK,4,30,14.615,4.4979000000000005,1100.59,South,30,14.615,1100.59,5139.426308531737
21,2015,Palmeira,PR,CELEBRA,10/06/2015,DTC,MANC,4,30,14.615,4.4979000000000005,1100.59,South,16.5,6.2325,1628.0124999999998,5139.426308531737
21,2015,Palmeira,PR,CELEBRA,10/06/2015,QoI+DMI,AZOX+TEBU,4,30,14.615,4.4979000000000005,1100.59,South,10.5,1.94,1485.3825,5139.426308531737
21,2015,Palmeira,PR,CELEBRA,10/06/2015,QoI+DMI,TFLX+PROT,4,30,14.615,4.4979000000000005,1100.59,South,15.25,3.205,1725.2849999999999,5139.426308531737
21,2015,Palmeira,PR,CELEBRA,10/06/2015,QoI+DMI,TFLX+TEBU,4,30,14.615,4.4979000000000005,1100.59,South,15.5,4.9275,1453.795,5139.426308531737
22,2015,Itaberá,SP,QUARTZO,13/02/2015,check,AACHECK,4,64.1,57.8725,39.28198725,1566.35,South,64.1,57.8725,1566.35,1501.3635409722071
22,2015,Itaberá,SP,QUARTZO,13/02/2015,QoI+DMI,TFLX+PROT,4,64.1,57.8725,39.28198725,1566.35,South,61.375,51.8475,1640.1225,1501.3635409722071
22,2015,Itaberá,SP,QUARTZO,13/02/2015,QoI+DMI,TFLX+TEBU,4,64.1,57.8725,39.28198725,1566.35,South,67.5325,60.62,1447.1799999999998,1501.3635409722071
25,2016,Londrina,PR,BRS SABIÁ,21/03/2019,check,AACHECK,4,8.5,15.75,1.615,1187.75,South,8.5,15.75,1187.75,19280.294877819546
25,2016,Londrina,PR,BRS SABIÁ,21/03/2019,DTC,MANC,4,8.5,15.75,1.615,1187.75,South,3.25,7,1427.625,19280.294877819546
25,2016,Londrina,PR,BRS SABIÁ,21/03/2019,QoI+DMI,TFLX+PROT,4,8.5,15.75,1.615,1187.75,South,8.5,13.25,1755,19280.294877819546
25,2016,Londrina,PR,BRS SABIÁ,21/03/2019,QoI+DMI,TFLX+TEBU,4,8.5,15.75,1.615,1187.75,South,5,8,1734.5,19280.294877819546
26,2016,Palmeira,PR,CELEBRA,25/05/2016,check,AACHECK,4,7.925,3.17,0.25024250000000003,2521.69,South,7.925,3.17,2521.69,8504.467435576902
26,2016,Palmeira,PR,CELEBRA,25/05/2016,DTC,MANC,4,7.925,3.17,0.25024250000000003,2521.69,South,3.1375,1.33375,3150.1225000000004,8504.467435576902
26,2016,Palmeira,PR,CELEBRA,25/05/2016,QoI+DMI,TFLX+PROT,4,7.925,3.17,0.25024250000000003,2521.69,South,2.2,1.34,2959.4,8504.467435576902
26,2016,Palmeira,PR,CELEBRA,25/05/2016,QoI+DMI,TFLX+TEBU,4,7.925,3.17,0.25024250000000003,2521.69,South,4.85,1.6575,2713.67,8504.467435576902
27,2016,Planaltina,DF,BRS 208,03/07/2016,check,AACHECK,4,7.5,0.75,0.07500000000000001,1449.5,North,7.5,0.75,1449.5,19873.645833333332
27,2016,Planaltina,DF,BRS 208,03/07/2016,DTC,MANC,4,7.5,0.75,0.07500000000000001,1449.5,North,2.5,0.25,1667.25,19873.645833333332
27,2016,Planaltina,DF,BRS 208,03/07/2016,QoI+DMI,TFLX+PROT,4,7.5,0.75,0.07500000000000001,1449.5,North,2.5,0.25,1501.75,19873.645833333332
27,2016,Planaltina,DF,BRS 208,03/07/2016,QoI+DMI,TFLX+TEBU,4,7.5,0.75,0.07500000000000001,1449.5,North,7.5,0.75,1390,19873.645833333332
28,2016,Campo Verde,MT,BRS 404,22/03/2016,check,AACHECK,4,62.8,19.5,12.3285,562,North,62.8,19.5,562,6032.9461805555575
28,2016,Campo Verde,MT,BRS 404,22/03/2016,DTC,MANC,4,62.8,19.5,12.3285,562,North,54.599999999999994,20,850.75,6032.9461805555575
28,2016,Campo Verde,MT,BRS 404,22/03/2016,QoI+DMI,TFLX+PROT,4,62.8,19.5,12.3285,562,North,66.4,20,683.75,6032.9461805555575
28,2016,Campo Verde,MT,BRS 404,22/03/2016,QoI+DMI,TFLX+TEBU,4,62.8,19.5,12.3285,562,North,67.825,20,736.25,6032.9461805555575
29,2017,Campo Verde,MT,BRS 404,22/03/2017,check,AACHECK,4,41.25,NA,NA,632.75,North,41.25,NA,632.75,1968.435416666666
29,2017,Campo Verde,MT,BRS 404,22/03/2017,QoI+DMI,TFLX+PROT,4,41.25,NA,NA,632.75,North,29.5,NA,634.5,1968.435416666666
29,2017,Campo Verde,MT,BRS 404,22/03/2017,QoI+DMI,TFLX+TEBU,4,41.25,NA,NA,632.75,North,33.75,NA,535.5,1968.435416666666
30,2017,Campo Verde,MT,BRS 404,22/03/2017,check,AACHECK,4,40.5,NA,NA,862.5,North,40.5,NA,862.5,6310.2378472222235
30,2017,Campo Verde,MT,BRS 404,22/03/2017,DTC,MANC,4,40.5,NA,NA,862.5,North,31.75,NA,1068,6310.2378472222235
30,2017,Campo Verde,MT,BRS 404,22/03/2017,QoI+DMI,PYRA+EPOX,4,40.5,NA,NA,862.5,North,28.5,NA,869.75,6310.2378472222235
30,2017,Campo Verde,MT,BRS 404,22/03/2017,QoI+DMI,TFLX+PROT,4,40.5,NA,NA,862.5,North,30.5,NA,817.5,6310.2378472222235
30,2017,Campo Verde,MT,BRS 404,22/03/2017,QoI+DMI,TFLX+TEBU,4,40.5,NA,NA,862.5,North,41.75,NA,936.5,6310.2378472222235
31,2017,Planaltina,DF,BRS 404,15/02/2017,check,AACHECK,4,5.675,7.6,0.42932499999999996,1231.25,North,5.675,7.6,1231.25,7940.156250000008
31,2017,Planaltina,DF,BRS 404,15/02/2017,DMI,TEBU,4,5.675,7.6,0.42932499999999996,1231.25,North,3,5.575,1301.5,7940.156250000008
31,2017,Planaltina,DF,BRS 404,15/02/2017,DTC,MANC,4,5.675,7.6,0.42932499999999996,1231.25,North,2.625,6.175,1243.25,7940.156250000008
31,2017,Planaltina,DF,BRS 404,15/02/2017,QoI+DMI,TFLX+PROT,4,5.675,7.6,0.42932499999999996,1231.25,North,1.8499999999999999,4.1,1033,7940.156250000008
31,2017,Planaltina,DF,BRS 404,15/02/2017,QoI+DMI,TFLX+TEBU,4,5.675,7.6,0.42932499999999996,1231.25,North,3.15,3.95,1220.75,7940.156250000008
32,2017,Palmeira,PR,TBio Toruk,24/06/2017,check,AACHECK,4,8.575,27.5,2.362475,2456,South,8.575,27.5,2456,1222.8651620370317
32,2017,Palmeira,PR,TBio Toruk,24/06/2017,DTC,MANC,4,8.575,27.5,2.362475,2456,South,2.325,28.325000000000003,2932,1222.8651620370317
32,2017,Palmeira,PR,TBio Toruk,24/06/2017,QoI+DMI,PYRA+EPOX,4,8.575,27.5,2.362475,2456,South,3.3,32.5,2658.75,1222.8651620370317
32,2017,Palmeira,PR,TBio Toruk,24/06/2017,QoI+DMI,TFLX+PROT,4,8.575,27.5,2.362475,2456,South,2.95,31.675,2870,1222.8651620370317
32,2017,Palmeira,PR,TBio Toruk,24/06/2017,QoI+DMI,TFLX+TEBU,4,8.575,27.5,2.362475,2456,South,2.45,27.5,2898.25,1222.8651620370317
33,2017,Campo Mourão,PR,BRS 208,20/04/2017,check,AACHECK,4,7.075,17.3575,1.3534025,2887.5,South,7.075,17.3575,2887.5,7107.515046296295
33,2017,Campo Mourão,PR,BRS 208,20/04/2017,DTC,MANC,4,7.075,17.3575,1.3534025,2887.5,South,1.05,4.81,3055.75,7107.515046296295
33,2017,Campo Mourão,PR,BRS 208,20/04/2017,QoI+DMI,PYRA+EPOX,4,7.075,17.3575,1.3534025,2887.5,South,NA,NA,3000.75,7107.515046296295
33,2017,Campo Mourão,PR,BRS 208,20/04/2017,QoI+DMI,TFLX+PROT,4,7.075,17.3575,1.3534025,2887.5,South,1.5,6.1975,3017,7107.515046296295
33,2017,Campo Mourão,PR,BRS 208,20/04/2017,QoI+DMI,TFLX+TEBU,4,7.075,17.3575,1.3534025,2887.5,South,5.575,6.095,2920.25,7107.515046296295
34,2017,Campo Mourão,PR,BRS 208,15/05/2017,check,AACHECK,4,1.655,7.1325,0.11224050000000001,2956.75,South,1.655,7.1325,2956.75,7909.568287037047
34,2017,Campo Mourão,PR,BRS 208,15/05/2017,DTC,MANC,4,1.655,7.1325,0.11224050000000001,2956.75,South,0.5825,3.6825,2899,7909.568287037047
34,2017,Campo Mourão,PR,BRS 208,15/05/2017,QoI+DMI,PYRA+EPOX,4,1.655,7.1325,0.11224050000000001,2956.75,South,2.6075,6.2175,2849.25,7909.568287037047
34,2017,Campo Mourão,PR,BRS 208,15/05/2017,QoI+DMI,TFLX+PROT,4,1.655,7.1325,0.11224050000000001,2956.75,South,1.3125,4.61,2753.75,7909.568287037047
34,2017,Campo Mourão,PR,BRS 208,15/05/2017,QoI+DMI,TFLX+TEBU,4,1.655,7.1325,0.11224050000000001,2956.75,South,2.175,7.4025,2833.5,7909.568287037047
35,2018,Campo Mourão,PR,BRS 208,06/03/2018,check,AACHECK,4,7.205,9.0675,0.91675275,1287.5,South,7.205,9.0675,1287.5,9740.49257697947
35,2018,Campo Mourão,PR,BRS 208,06/03/2018,DTC,MANC,8,7.205,9.0675,0.91675275,1287.5,South,3.64625,5.08875,1392.125,4870.246288489735
35,2018,Campo Mourão,PR,BRS 208,06/03/2018,QoI+DMI,PYRA+EPOX,4,7.205,9.0675,0.91675275,1287.5,South,4.27,5.69,1661.25,9740.49257697947
35,2018,Campo Mourão,PR,BRS 208,06/03/2018,QoI+DMI,TFLX+PROT,4,7.205,9.0675,0.91675275,1287.5,South,1.6125,2.4,1341.75,9740.49257697947
35,2018,Campo Mourão,PR,BRS 208,06/03/2018,QoI+DMI,TFLX+TEBU,4,7.205,9.0675,0.91675275,1287.5,South,4.2325,5.0649999999999995,1525.75,9740.49257697947
36,2018,Campo Mourão,PR,BRS 208,29/03/2018,check,AACHECK,4,1.49,5.95,0.09186625,2099.25,South,1.49,5.95,2099.25,19512.377803030296
36,2018,Campo Mourão,PR,BRS 208,29/03/2018,DTC,MANC,8,1.49,5.95,0.09186625,2099.25,South,2.16125,7.3175,2219,9756.188901515148
36,2018,Campo Mourão,PR,BRS 208,29/03/2018,QoI+DMI,TFLX+PROT,4,1.49,5.95,0.09186625,2099.25,South,0.5325,4.3175,2171.25,19512.377803030296
36,2018,Campo Mourão,PR,BRS 208,29/03/2018,QoI+DMI,TFLX+TEBU,4,1.49,5.95,0.09186625,2099.25,South,0.43,4.3925,2411.5,19512.377803030296
37,2018,Campo Verde,MT,BRS 404,24/03/2018,check,AACHECK,4,39.0075,68,26.0441,1000,North,39.0075,68,1000,34354.59444444444
37,2018,Campo Verde,MT,BRS 404,24/03/2018,DTC,MANC,4,39.0075,68,26.0441,1000,North,40.005,71,1729.25,34354.59444444444
37,2018,Campo Verde,MT,BRS 404,24/03/2018,QoI+DMI,PYRA+EPOX,4,39.0075,68,26.0441,1000,North,36.120000000000005,74.25,1645.75,34354.59444444444
37,2018,Campo Verde,MT,BRS 404,24/03/2018,QoI+DMI,TFLX+PROT,4,39.0075,68,26.0441,1000,North,35.6775,74,1500.25,34354.59444444444
37,2018,Campo Verde,MT,BRS 404,24/03/2018,QoI+DMI,TFLX+TEBU,4,39.0075,68,26.0441,1000,North,37.7425,74.25,1250,34354.59444444444
38,2018,Palmeira,PR,TBio Toruk,02/07/2018,check,AACHECK,4,47.525000000000006,59,28.022750000000002,2107.3250000000003,South,47.525000000000006,59,2107.3250000000003,11831.266044721413
38,2018,Palmeira,PR,TBio Toruk,02/07/2018,DTC,MANC,8,47.525000000000006,59,28.022750000000002,2107.3250000000003,South,16.18125,32.25,2675.75,5915.6330223607065
38,2018,Palmeira,PR,TBio Toruk,02/07/2018,QoI+DMI,PYRA+EPOX,4,47.525000000000006,59,28.022750000000002,2107.3250000000003,South,19.2,34,2222.8,11831.266044721413
38,2018,Palmeira,PR,TBio Toruk,02/07/2018,QoI+DMI,TFLX+PROT,4,47.525000000000006,59,28.022750000000002,2107.3250000000003,South,29.175,42.75,2258.7,11831.266044721413
38,2018,Palmeira,PR,TBio Toruk,02/07/2018,QoI+DMI,TFLX+TEBU,4,47.525000000000006,59,28.022750000000002,2107.3250000000003,South,35.275,43.75,2257.45,11831.266044721413
39,2018,Planaltina,DF,BRS 404,09/02/2018,check,AACHECK,4,53.5,94.0175,50.29355,687.1,North,53.5,94.0175,687.1,19081.45276667889
39,2018,Planaltina,DF,BRS 404,09/02/2018,DTC,MANC,8,53.5,94.0175,50.29355,687.1,North,44.375,95.135,1262.9125,9540.726383339445
39,2018,Planaltina,DF,BRS 404,09/02/2018,QoI+DMI,PYRA+EPOX,4,53.5,94.0175,50.29355,687.1,North,38.5,100,832.925,19081.45276667889
39,2018,Planaltina,DF,BRS 404,09/02/2018,QoI+DMI,TFLX+PROT,4,53.5,94.0175,50.29355,687.1,North,45.5,98.7525,1165.825,19081.45276667889
39,2018,Planaltina,DF,BRS 404,09/02/2018,QoI+DMI,TFLX+TEBU,4,53.5,94.0175,50.29355,687.1,North,39.25,85.25,1049.175,19081.45276667889
40,2019,Planaltina,DF,BRS 404,13/02/2019,check,AACHECK,4,100,100,100,59.875,North,100,100,59.875,464.1382667521998
40,2019,Planaltina,DF,BRS 404,13/02/2019,DTC,MANC,8,100,100,100,59.875,North,100,100,125.4375,232.0691333760999
40,2019,Planaltina,DF,BRS 404,13/02/2019,QoI+DMI,PYRA+EPOX,4,100,100,100,59.875,North,100,100,89.3125,464.1382667521998
40,2019,Planaltina,DF,BRS 404,13/02/2019,QoI+DMI,TFLX+PROT,4,100,100,100,59.875,North,100,100,120.35499999999999,464.1382667521998
40,2019,Planaltina,DF,BRS 404,13/02/2019,QoI+DMI,TFLX+TEBU,4,100,100,100,59.875,North,100,100,121.77000000000001,464.1382667521998
41,2019,Guarapuava,PR,TBio Toruk,01/02/2019,check,AACHECK,4,92.7925,96.6925,89.86397475,571.643,South,92.7925,96.6925,571.643,43608.03280321259
41,2019,Guarapuava,PR,TBio Toruk,01/02/2019,DTC,MANC,8,92.7925,96.6925,89.86397475,571.643,South,93.7825,93.04,967.3249999999999,21804.016401606295
41,2019,Guarapuava,PR,TBio Toruk,01/02/2019,QoI+DMI,PYRA+EPOX,4,92.7925,96.6925,89.86397475,571.643,South,94.4825,95.4025,851.365,43608.03280321259
41,2019,Guarapuava,PR,TBio Toruk,01/02/2019,QoI+DMI,TFLX+PROT,4,92.7925,96.6925,89.86397475,571.643,South,92.855,91.53,672.8475,43608.03280321259
41,2019,Guarapuava,PR,TBio Toruk,01/02/2019,QoI+DMI,TFLX+TEBU,4,92.7925,96.6925,89.86397475,571.643,South,85.74000000000001,87.23,245.33599999999998,43608.03280321259
42,2019,Palmeira,PR,TBio Sinuelo,03/07/2019,check,AACHECK,4,16.3,25,4.277,607.54075,South,16.3,25,607.54075,23155.907349893674
42,2019,Palmeira,PR,TBio Sinuelo,03/07/2019,DTC,MANC,8,16.3,25,4.277,607.54075,South,9.25,12.75,1537.57625,11577.953674946837
42,2019,Palmeira,PR,TBio Sinuelo,03/07/2019,QoI+DMI,PYRA+EPOX,4,16.3,25,4.277,607.54075,South,5.3,4.5,1825.6225,23155.907349893674
42,2019,Palmeira,PR,TBio Sinuelo,03/07/2019,QoI+DMI,TFLX+PROT,4,16.3,25,4.277,607.54075,South,6.95,9.5,1812.83,23155.907349893674
42,2019,Palmeira,PR,TBio Sinuelo,03/07/2019,QoI+DMI,TFLX+TEBU,4,16.3,25,4.277,607.54075,South,7.95,11,1722.625,23155.907349893674
43,2020,Campo Mourão,PR,BRS Galha Azul,17/04/2020,check,AACHECK,5,0,0,0,788.019,South,0,0,788.019,18965.271387090917
43,2020,Campo Mourão,PR,BRS Galha Azul,17/04/2020,DTC,MANC,10,0,0,0,788.019,South,0,0,1497.607,9482.635693545459
43,2020,Campo Mourão,PR,BRS Galha Azul,17/04/2020,QoI+DMI,PYRA+EPOX,5,0,0,0,788.019,South,0,0,1021.756,18965.271387090917
43,2020,Campo Mourão,PR,BRS Galha Azul,17/04/2020,QoI+DMI,TFLX+PROT,5,0,0,0,788.019,South,0,0,1376.7259999999999,18965.271387090917
43,2020,Campo Mourão,PR,BRS Galha Azul,17/04/2020,QoI+DMI,TFLX+TEBU,5,0,0,0,788.019,South,0,0,1450.604,18965.271387090917
44,2020,Planaltina,DF,BRS 404,10/02/2020,check,AACHECK,4,82.895,95.4275,79.4672875,360.1,North,82.895,95.4275,360.1,4713.966927236066
44,2020,Planaltina,DF,BRS 404,10/02/2020,DTC,MANC,8,82.895,95.4275,79.4672875,360.1,North,79.3125,97.5,679.4125,2356.983463618033
44,2020,Planaltina,DF,BRS 404,10/02/2020,QoI+DMI,PYRA+EPOX,4,82.895,95.4275,79.4672875,360.1,North,81.975,99.5,499.725,4713.966927236066
44,2020,Planaltina,DF,BRS 404,10/02/2020,QoI+DMI,TFLX+PROT,4,82.895,95.4275,79.4672875,360.1,North,76.78,99,600.575,4713.966927236066
44,2020,Planaltina,DF,BRS 404,10/02/2020,QoI+DMI,TFLX+TEBU,4,82.895,95.4275,79.4672875,360.1,North,78.595,93.75,571.25,4713.966927236066
