study,year,location,state,cultivar,data_sowing,brand_name,group,active_ingredient,n,mean_sev,mean_inc,mean_yld,mean_index,v_sev,v_inc,v_yld,v_index,yld_check,v_yld_check,sev_check,v_sev_check,inc_check,v_inc_check,index_check,v_index_check,region
1,2012,Dourados,MS,BRS 208,16/03/2012,Abacus,QoI+DMI,PYRA+EPOX,4,69.025,85.9,1142,59.30595000000001,46.056436965811976,73.43053952991453,44629.717948717946,95.10800018096155,1097,44629.717948717946,73.57499999999999,46.056436965811976,93.3,73.43053952991453,68.653275,95.10800018096155,North
1,2012,Dourados,MS,BRS 208,16/03/2012,Azimut,QoI+DMI,AZOX+TEBU,4,66.2,87,1100,57.605225,46.056436965811976,73.43053952991453,44629.717948717946,95.10800018096155,1097,44629.717948717946,73.57499999999999,46.056436965811976,93.3,73.43053952991453,68.653275,95.10800018096155,North
1,2012,Dourados,MS,BRS 208,16/03/2012,check,check,AACHECK,4,73.57499999999999,93.3,1097,68.653275,46.056436965811976,73.43053952991453,44629.717948717946,95.10800018096155,1097,44629.717948717946,73.57499999999999,46.056436965811976,93.3,73.43053952991453,68.653275,95.10800018096155,North
1,2012,Dourados,MS,BRS 208,16/03/2012,Fox,QoI+DMI,TFLX+PROT,4,68.55,84.4,1242,57.725375,46.056436965811976,73.43053952991453,44629.717948717946,95.10800018096155,1097,44629.717948717946,73.57499999999999,46.056436965811976,93.3,73.43053952991453,68.653275,95.10800018096155,North
1,2012,Dourados,MS,BRS 208,16/03/2012,Nativo,QoI+DMI,TFLX+TEBU,4,62.6,77.075,1450,48.279625,46.056436965811976,73.43053952991453,44629.717948717946,95.10800018096155,1097,44629.717948717946,73.57499999999999,46.056436965811976,93.3,73.43053952991453,68.653275,95.10800018096155,North
1,2012,Dourados,MS,BRS 208,16/03/2012,NTX 3900,QoI+DMI,AZOX+TEBU,4,46.875,60.5,1580,28.379375,46.056436965811976,73.43053952991453,44629.717948717946,95.10800018096155,1097,44629.717948717946,73.57499999999999,46.056436965811976,93.3,73.43053952991453,68.653275,95.10800018096155,North
1,2012,Dourados,MS,BRS 208,16/03/2012,Opera,QoI+DMI,PYRA+EPOX,4,55.775,74.175,1488,41.408899999999996,46.056436965811976,73.43053952991453,44629.717948717946,95.10800018096155,1097,44629.717948717946,73.57499999999999,46.056436965811976,93.3,73.43053952991453,68.653275,95.10800018096155,North
1,2012,Dourados,MS,BRS 208,16/03/2012,Tebuco Nortox,DMI,TEBU,4,53.1,67.8,1528,35.998675000000006,46.056436965811976,73.43053952991453,44629.717948717946,95.10800018096155,1097,44629.717948717946,73.57499999999999,46.056436965811976,93.3,73.43053952991453,68.653275,95.10800018096155,North
2,2012,Palotina,PR,BRS 208,15/04/2012,Abacus,QoI+DMI,PYRA+EPOX,4,17.005,32.5,1521.46,4.8479,33.90741079059828,129.8717948717949,29193.260396420963,7.8687110611538404,1219.375,29193.260396420963,28.64,33.90741079059828,40.5,129.8717948717949,11.72585,7.8687110611538404,South
2,2012,Palotina,PR,BRS 208,15/04/2012,Azimut,QoI+DMI,AZOX+TEBU,4,13.99,43,1483.9599999999998,5.99535,33.90741079059828,129.8717948717949,29193.260396420963,7.8687110611538404,1219.375,29193.260396420963,28.64,33.90741079059828,40.5,129.8717948717949,11.72585,7.8687110611538404,South
2,2012,Palotina,PR,BRS 208,15/04/2012,check,check,AACHECK,4,28.64,40.5,1219.375,11.72585,33.90741079059828,129.8717948717949,29193.260396420963,7.8687110611538404,1219.375,29193.260396420963,28.64,33.90741079059828,40.5,129.8717948717949,11.72585,7.8687110611538404,South
2,2012,Palotina,PR,BRS 208,15/04/2012,Fox,QoI+DMI,TFLX+PROT,4,10.6675,55.5,1731.4575,5.8633750000000004,33.90741079059828,129.8717948717949,29193.260396420963,7.8687110611538404,1219.375,29193.260396420963,28.64,33.90741079059828,40.5,129.8717948717949,11.72585,7.8687110611538404,South
2,2012,Palotina,PR,BRS 208,15/04/2012,Nativo,QoI+DMI,TFLX+TEBU,4,17.945,40.25,1540.0825,7.564649999999999,33.90741079059828,129.8717948717949,29193.260396420963,7.8687110611538404,1219.375,29193.260396420963,28.64,33.90741079059828,40.5,129.8717948717949,11.72585,7.8687110611538404,South
2,2012,Palotina,PR,BRS 208,15/04/2012,NTX 3900,QoI+DMI,AZOX+TEBU,4,10.467500000000001,50.5,1627.0825,5.70605,33.90741079059828,129.8717948717949,29193.260396420963,7.8687110611538404,1219.375,29193.260396420963,28.64,33.90741079059828,40.5,129.8717948717949,11.72585,7.8687110611538404,South
2,2012,Palotina,PR,BRS 208,15/04/2012,Opera,QoI+DMI,PYRA+EPOX,4,16.1225,32.5,1585.625,5.2793,33.90741079059828,129.8717948717949,29193.260396420963,7.8687110611538404,1219.375,29193.260396420963,28.64,33.90741079059828,40.5,129.8717948717949,11.72585,7.8687110611538404,South
2,2012,Palotina,PR,BRS 208,15/04/2012,Tebuco Nortox,DMI,TEBU,4,18.06,41.5,1570.835,7.8837,33.90741079059828,129.8717948717949,29193.260396420963,7.8687110611538404,1219.375,29193.260396420963,28.64,33.90741079059828,40.5,129.8717948717949,11.72585,7.8687110611538404,South
3,2012,Londrina,PR,MARFIM,07/04/2012,Abacus,QoI+DMI,PYRA+EPOX,4,76.425,92.5,722.2175,70.98662499999999,43.53454470401552,38.89709194264855,10827.296808615109,70.31377916199531,495.1225,10827.296808615109,92.8625,43.53454470401552,100,38.89709194264855,92.8625,70.31377916199531,South
3,2012,Londrina,PR,MARFIM,07/04/2012,Azimut,QoI+DMI,AZOX+TEBU,4,59.1,81.5,1007.21,48.709875000000004,43.53454470401552,38.89709194264855,10827.296808615109,70.31377916199531,495.1225,10827.296808615109,92.8625,43.53454470401552,100,38.89709194264855,92.8625,70.31377916199531,South
3,2012,Londrina,PR,MARFIM,07/04/2012,check,check,AACHECK,4,92.8625,100,495.1225,92.8625,43.53454470401552,38.89709194264855,10827.296808615109,70.31377916199531,495.1225,10827.296808615109,92.8625,43.53454470401552,100,38.89709194264855,92.8625,70.31377916199531,South
3,2012,Londrina,PR,MARFIM,07/04/2012,Fox,QoI+DMI,TFLX+PROT,4,60.025,89,885.4,53.3825,43.53454470401552,38.89709194264855,10827.296808615109,70.31377916199531,495.1225,10827.296808615109,92.8625,43.53454470401552,100,38.89709194264855,92.8625,70.31377916199531,South
3,2012,Londrina,PR,MARFIM,07/04/2012,Nativo,QoI+DMI,TFLX+TEBU,4,52.9875,70.5,933.99,38.30375,43.53454470401552,38.89709194264855,10827.296808615109,70.31377916199531,495.1225,10827.296808615109,92.8625,43.53454470401552,100,38.89709194264855,92.8625,70.31377916199531,South
3,2012,Londrina,PR,MARFIM,07/04/2012,NTX 3900,QoI+DMI,AZOX+TEBU,4,58.087500000000006,81.25,963.3299999999999,47.72825,43.53454470401552,38.89709194264855,10827.296808615109,70.31377916199531,495.1225,10827.296808615109,92.8625,43.53454470401552,100,38.89709194264855,92.8625,70.31377916199531,South
3,2012,Londrina,PR,MARFIM,07/04/2012,Opera,QoI+DMI,PYRA+EPOX,4,74.9,89.75,742.42,67.562375,43.53454470401552,38.89709194264855,10827.296808615109,70.31377916199531,495.1225,10827.296808615109,92.8625,43.53454470401552,100,38.89709194264855,92.8625,70.31377916199531,South
3,2012,Londrina,PR,MARFIM,07/04/2012,Tebuco Nortox,DMI,TEBU,4,57.2375,78.25,1022.31,44.877125,43.53454470401552,38.89709194264855,10827.296808615109,70.31377916199531,495.1225,10827.296808615109,92.8625,43.53454470401552,100,38.89709194264855,92.8625,70.31377916199531,South
4,2012,Planaltina,DF,BRS 208,09/03/2012,Abacus,QoI+DMI,PYRA+EPOX,4,NA,NA,NA,NA,26.209034090909086,87.03977272727275,183253.98623934665,7.489586227272728,1747.4375,183253.98623934665,16.05,26.209034090909086,35.5,87.03977272727275,6.3645000000000005,7.489586227272728,North
4,2012,Planaltina,DF,BRS 208,09/03/2012,Azimut,QoI+DMI,AZOX+TEBU,4,7.175,17.75,2190.8125,1.7282499999999998,26.209034090909086,87.03977272727275,183253.98623934665,7.489586227272728,1747.4375,183253.98623934665,16.05,26.209034090909086,35.5,87.03977272727275,6.3645000000000005,7.489586227272728,North
4,2012,Planaltina,DF,BRS 208,09/03/2012,check,check,AACHECK,4,16.05,35.5,1747.4375,6.3645000000000005,26.209034090909086,87.03977272727275,183253.98623934665,7.489586227272728,1747.4375,183253.98623934665,16.05,26.209034090909086,35.5,87.03977272727275,6.3645000000000005,7.489586227272728,North
4,2012,Planaltina,DF,BRS 208,09/03/2012,Fox,QoI+DMI,TFLX+PROT,4,12.725,25.75,2007.9375,3.43875,26.209034090909086,87.03977272727275,183253.98623934665,7.489586227272728,1747.4375,183253.98623934665,16.05,26.209034090909086,35.5,87.03977272727275,6.3645000000000005,7.489586227272728,North
4,2012,Planaltina,DF,BRS 208,09/03/2012,Nativo,QoI+DMI,TFLX+TEBU,4,9.5,18.5,2279.375,2.0775,26.209034090909086,87.03977272727275,183253.98623934665,7.489586227272728,1747.4375,183253.98623934665,16.05,26.209034090909086,35.5,87.03977272727275,6.3645000000000005,7.489586227272728,North
4,2012,Planaltina,DF,BRS 208,09/03/2012,NTX 3900,QoI+DMI,AZOX+TEBU,4,10.575,24.25,1956.0625,3.1217499999999996,26.209034090909086,87.03977272727275,183253.98623934665,7.489586227272728,1747.4375,183253.98623934665,16.05,26.209034090909086,35.5,87.03977272727275,6.3645000000000005,7.489586227272728,North
4,2012,Planaltina,DF,BRS 208,09/03/2012,Opera,QoI+DMI,PYRA+EPOX,4,14.9,32.75,1885.875,5.15425,26.209034090909086,87.03977272727275,183253.98623934665,7.489586227272728,1747.4375,183253.98623934665,16.05,26.209034090909086,35.5,87.03977272727275,6.3645000000000005,7.489586227272728,North
4,2012,Planaltina,DF,BRS 208,09/03/2012,Tebuco Nortox,DMI,TEBU,4,8.05,19.25,2191.625,1.5525,26.209034090909086,87.03977272727275,183253.98623934665,7.489586227272728,1747.4375,183253.98623934665,16.05,26.209034090909086,35.5,87.03977272727275,6.3645000000000005,7.489586227272728,North
5,2012,Itaberá,SP,BRS 208,20/02/2012,Abacus,QoI+DMI,PYRA+EPOX,4,2.3625,4.0625,2626.6275,0.1011485,0.8043453525641027,2.087990010683761,174879.03915235045,0.006567224051652242,2148.3075,174879.03915235045,4.4799999999999995,0.8043453525641027,7.7124999999999995,2.087990010683761,0.35126024999999994,0.006567224051652242,South
5,2012,Itaberá,SP,BRS 208,20/02/2012,Azimut,QoI+DMI,AZOX+TEBU,4,2.4325,4.405,2600.6575000000003,0.1287015,0.8043453525641027,2.087990010683761,174879.03915235045,0.006567224051652242,2148.3075,174879.03915235045,4.4799999999999995,0.8043453525641027,7.7124999999999995,2.087990010683761,0.35126024999999994,0.006567224051652242,South
5,2012,Itaberá,SP,BRS 208,20/02/2012,check,check,AACHECK,4,4.4799999999999995,7.7124999999999995,2148.3075,0.35126024999999994,0.8043453525641027,2.087990010683761,174879.03915235045,0.006567224051652242,2148.3075,174879.03915235045,4.4799999999999995,0.8043453525641027,7.7124999999999995,2.087990010683761,0.35126024999999994,0.006567224051652242,South
5,2012,Itaberá,SP,BRS 208,20/02/2012,Fox,QoI+DMI,TFLX+PROT,4,2.7800000000000002,4.7475,2482.5925,0.134138,0.8043453525641027,2.087990010683761,174879.03915235045,0.006567224051652242,2148.3075,174879.03915235045,4.4799999999999995,0.8043453525641027,7.7124999999999995,2.087990010683761,0.35126024999999994,0.006567224051652242,South
5,2012,Itaberá,SP,BRS 208,20/02/2012,Nativo,QoI+DMI,TFLX+TEBU,4,2.2025,3.5575,2660.9625,0.09216625,0.8043453525641027,2.087990010683761,174879.03915235045,0.006567224051652242,2148.3075,174879.03915235045,4.4799999999999995,0.8043453525641027,7.7124999999999995,2.087990010683761,0.35126024999999994,0.006567224051652242,South
5,2012,Itaberá,SP,BRS 208,20/02/2012,NTX 3900,QoI+DMI,AZOX+TEBU,4,2.5125,4.1,2570.6725,0.1118565,0.8043453525641027,2.087990010683761,174879.03915235045,0.006567224051652242,2148.3075,174879.03915235045,4.4799999999999995,0.8043453525641027,7.7124999999999995,2.087990010683761,0.35126024999999994,0.006567224051652242,South
5,2012,Itaberá,SP,BRS 208,20/02/2012,Opera,QoI+DMI,PYRA+EPOX,4,2.225,3.4299999999999997,2331.6875,0.08626924999999999,0.8043453525641027,2.087990010683761,174879.03915235045,0.006567224051652242,2148.3075,174879.03915235045,4.4799999999999995,0.8043453525641027,7.7124999999999995,2.087990010683761,0.35126024999999994,0.006567224051652242,South
5,2012,Itaberá,SP,BRS 208,20/02/2012,Tebuco Nortox,DMI,TEBU,4,3.28,5.05,2579.27,0.187106,0.8043453525641027,2.087990010683761,174879.03915235045,0.006567224051652242,2148.3075,174879.03915235045,4.4799999999999995,0.8043453525641027,7.7124999999999995,2.087990010683761,0.35126024999999994,0.006567224051652242,South
6,2013,Dourados,MS,BRS 208,28/03/2013,Abacus,QoI+DMI,PYRA+EPOX,4,14.325,38,559,5.4288,4.82650297619048,5.233095238095231,3960.023809523811,0.30763344916666646,506,3960.023809523811,18.825,4.82650297619048,48.7,5.233095238095231,9.172025,0.30763344916666646,North
6,2013,Dourados,MS,BRS 208,28/03/2013,Azimut,QoI+DMI,AZOX+TEBU,4,NA,NA,NA,NA,4.82650297619048,5.233095238095231,3960.023809523811,0.30763344916666646,506,3960.023809523811,18.825,4.82650297619048,48.7,5.233095238095231,9.172025,0.30763344916666646,North
6,2013,Dourados,MS,BRS 208,28/03/2013,check,check,AACHECK,4,18.825,48.7,506,9.172025,4.82650297619048,5.233095238095231,3960.023809523811,0.30763344916666646,506,3960.023809523811,18.825,4.82650297619048,48.7,5.233095238095231,9.172025,0.30763344916666646,North
6,2013,Dourados,MS,BRS 208,28/03/2013,Fox,QoI+DMI,TFLX+PROT,4,10.75,25.1,726,2.6610750000000003,4.82650297619048,5.233095238095231,3960.023809523811,0.30763344916666646,506,3960.023809523811,18.825,4.82650297619048,48.7,5.233095238095231,9.172025,0.30763344916666646,North
6,2013,Dourados,MS,BRS 208,28/03/2013,Nativo,QoI+DMI,TFLX+TEBU,4,9.625,23,751,2.2182500000000003,4.82650297619048,5.233095238095231,3960.023809523811,0.30763344916666646,506,3960.023809523811,18.825,4.82650297619048,48.7,5.233095238095231,9.172025,0.30763344916666646,North
6,2013,Dourados,MS,BRS 208,28/03/2013,NTX 3900,QoI+DMI,AZOX+TEBU,4,11.75,20.1,764,2.39155,4.82650297619048,5.233095238095231,3960.023809523811,0.30763344916666646,506,3960.023809523811,18.825,4.82650297619048,48.7,5.233095238095231,9.172025,0.30763344916666646,North
6,2013,Dourados,MS,BRS 208,28/03/2013,Tebuco Nortox,DMI,TEBU,4,9.45,15.2,964,1.44435,4.82650297619048,5.233095238095231,3960.023809523811,0.30763344916666646,506,3960.023809523811,18.825,4.82650297619048,48.7,5.233095238095231,9.172025,0.30763344916666646,North
6,2013,Dourados,MS,BRS 208,28/03/2013,Unizeb800WP,DTC,MANC,4,8.025,17.5,957,1.378975,4.82650297619048,5.233095238095231,3960.023809523811,0.30763344916666646,506,3960.023809523811,18.825,4.82650297619048,48.7,5.233095238095231,9.172025,0.30763344916666646,North
7,2013,Patos de Minas,MG,BRS 208,11/04/2013,Abacus,QoI+DMI,PYRA+EPOX,4,8.725,17.5,1536.25,1.65725,3.523177777777777,12.36944444444445,37576.328888888886,0.34627066888888897,1562.75,37576.328888888886,13.075,3.523177777777777,22,12.36944444444445,2.91,0.34627066888888897,North
7,2013,Patos de Minas,MG,BRS 208,11/04/2013,Azimut,QoI+DMI,AZOX+TEBU,4,6.475,12,1672,0.78375,3.523177777777777,12.36944444444445,37576.328888888886,0.34627066888888897,1562.75,37576.328888888886,13.075,3.523177777777777,22,12.36944444444445,2.91,0.34627066888888897,North
7,2013,Patos de Minas,MG,BRS 208,11/04/2013,check,check,AACHECK,4,13.075,22,1562.75,2.91,3.523177777777777,12.36944444444445,37576.328888888886,0.34627066888888897,1562.75,37576.328888888886,13.075,3.523177777777777,22,12.36944444444445,2.91,0.34627066888888897,North
7,2013,Patos de Minas,MG,BRS 208,11/04/2013,Fox,QoI+DMI,TFLX+PROT,4,5.1,9.5,1936.75,0.51625,3.523177777777777,12.36944444444445,37576.328888888886,0.34627066888888897,1562.75,37576.328888888886,13.075,3.523177777777777,22,12.36944444444445,2.91,0.34627066888888897,North
7,2013,Patos de Minas,MG,BRS 208,11/04/2013,Nativo,QoI+DMI,TFLX+TEBU,4,6.6,11.75,1642,0.79125,3.523177777777777,12.36944444444445,37576.328888888886,0.34627066888888897,1562.75,37576.328888888886,13.075,3.523177777777777,22,12.36944444444445,2.91,0.34627066888888897,North
7,2013,Patos de Minas,MG,BRS 208,11/04/2013,NTX 3900,QoI+DMI,AZOX+TEBU,4,7.625,13.75,1629.5,1.15225,3.523177777777777,12.36944444444445,37576.328888888886,0.34627066888888897,1562.75,37576.328888888886,13.075,3.523177777777777,22,12.36944444444445,2.91,0.34627066888888897,North
7,2013,Patos de Minas,MG,BRS 208,11/04/2013,Tebuco Nortox,DMI,TEBU,4,5.725,11.25,1925.5,0.65075,3.523177777777777,12.36944444444445,37576.328888888886,0.34627066888888897,1562.75,37576.328888888886,13.075,3.523177777777777,22,12.36944444444445,2.91,0.34627066888888897,North
7,2013,Patos de Minas,MG,BRS 208,11/04/2013,Unizeb800WP,DTC,MANC,4,8.3,16.5,1572.5,1.42925,3.523177777777777,12.36944444444445,37576.328888888886,0.34627066888888897,1562.75,37576.328888888886,13.075,3.523177777777777,22,12.36944444444445,2.91,0.34627066888888897,North
8,2013,Planaltina,DF,BRS 208,14/03/2013,Abacus,QoI+DMI,PYRA+EPOX,4,15.325,32.75,3343.75,5.19875,22.08785,94.18722222222225,173050.60222222228,12.723677096111114,3250.75,173050.60222222228,22.175,22.08785,46.5,94.18722222222225,10.407,12.723677096111114,North
8,2013,Planaltina,DF,BRS 208,14/03/2013,Azimut,QoI+DMI,AZOX+TEBU,4,16.275,34.25,3530.75,5.86425,22.08785,94.18722222222225,173050.60222222228,12.723677096111114,3250.75,173050.60222222228,22.175,22.08785,46.5,94.18722222222225,10.407,12.723677096111114,North
8,2013,Planaltina,DF,BRS 208,14/03/2013,check,check,AACHECK,4,22.175,46.5,3250.75,10.407,22.08785,94.18722222222225,173050.60222222228,12.723677096111114,3250.75,173050.60222222228,22.175,22.08785,46.5,94.18722222222225,10.407,12.723677096111114,North
8,2013,Planaltina,DF,BRS 208,14/03/2013,Fox,QoI+DMI,TFLX+PROT,4,16.225,34.5,3522.75,6.4455,22.08785,94.18722222222225,173050.60222222228,12.723677096111114,3250.75,173050.60222222228,22.175,22.08785,46.5,94.18722222222225,10.407,12.723677096111114,North
8,2013,Planaltina,DF,BRS 208,14/03/2013,Nativo,QoI+DMI,TFLX+TEBU,4,16.1,33.5,3328,5.4205000000000005,22.08785,94.18722222222225,173050.60222222228,12.723677096111114,3250.75,173050.60222222228,22.175,22.08785,46.5,94.18722222222225,10.407,12.723677096111114,North
8,2013,Planaltina,DF,BRS 208,14/03/2013,NTX 3900,QoI+DMI,AZOX+TEBU,4,19.05,40.5,3229.75,8.372,22.08785,94.18722222222225,173050.60222222228,12.723677096111114,3250.75,173050.60222222228,22.175,22.08785,46.5,94.18722222222225,10.407,12.723677096111114,North
8,2013,Planaltina,DF,BRS 208,14/03/2013,Tebuco Nortox,DMI,TEBU,4,21.275,45.5,3498.75,9.965,22.08785,94.18722222222225,173050.60222222228,12.723677096111114,3250.75,173050.60222222228,22.175,22.08785,46.5,94.18722222222225,10.407,12.723677096111114,North
8,2013,Planaltina,DF,BRS 208,14/03/2013,Unizeb800WP,DTC,MANC,4,16.175,34.25,3874.75,5.973000000000001,22.08785,94.18722222222225,173050.60222222228,12.723677096111114,3250.75,173050.60222222228,22.175,22.08785,46.5,94.18722222222225,10.407,12.723677096111114,North
9,2013,Itaberá,SP,QUARTZO,15/02/2013,Abacus,QoI+DMI,PYRA+EPOX,4,58.585,64.5025,1138.9775,37.786432500000004,49.66666561111109,53.50582205555551,22847.71427444444,63.783772490317105,967.105,22847.71427444444,59.87,49.66666561111109,68.6125,53.50582205555551,41.8570725,63.783772490317105,South
9,2013,Itaberá,SP,QUARTZO,15/02/2013,Azimut,QoI+DMI,AZOX+TEBU,4,57.5625,67.8475,1145.9824999999998,40.1964565,49.66666561111109,53.50582205555551,22847.71427444444,63.783772490317105,967.105,22847.71427444444,59.87,49.66666561111109,68.6125,53.50582205555551,41.8570725,63.783772490317105,South
9,2013,Itaberá,SP,QUARTZO,15/02/2013,check,check,AACHECK,4,59.87,68.6125,967.105,41.8570725,49.66666561111109,53.50582205555551,22847.71427444444,63.783772490317105,967.105,22847.71427444444,59.87,49.66666561111109,68.6125,53.50582205555551,41.8570725,63.783772490317105,South
9,2013,Itaberá,SP,QUARTZO,15/02/2013,Fox,QoI+DMI,TFLX+PROT,4,49.6575,61.9625,1501.5825,30.91060325,49.66666561111109,53.50582205555551,22847.71427444444,63.783772490317105,967.105,22847.71427444444,59.87,49.66666561111109,68.6125,53.50582205555551,41.8570725,63.783772490317105,South
9,2013,Itaberá,SP,QUARTZO,15/02/2013,Nativo,QoI+DMI,TFLX+TEBU,4,62.55,74.325,1293.1525,46.895514,49.66666561111109,53.50582205555551,22847.71427444444,63.783772490317105,967.105,22847.71427444444,59.87,49.66666561111109,68.6125,53.50582205555551,41.8570725,63.783772490317105,South
9,2013,Itaberá,SP,QUARTZO,15/02/2013,NTX 3900,QoI+DMI,AZOX+TEBU,4,61.745000000000005,74.855,1288.6074999999998,46.4327555,49.66666561111109,53.50582205555551,22847.71427444444,63.783772490317105,967.105,22847.71427444444,59.87,49.66666561111109,68.6125,53.50582205555551,41.8570725,63.783772490317105,South
9,2013,Itaberá,SP,QUARTZO,15/02/2013,Tebuco Nortox,DMI,TEBU,4,51.322500000000005,63.0175,1437.795,32.767303000000005,49.66666561111109,53.50582205555551,22847.71427444444,63.783772490317105,967.105,22847.71427444444,59.87,49.66666561111109,68.6125,53.50582205555551,41.8570725,63.783772490317105,South
9,2013,Itaberá,SP,QUARTZO,15/02/2013,Unizeb800WP,DTC,MANC,4,57.06,53.55,2244.155,31.33069625,49.66666561111109,53.50582205555551,22847.71427444444,63.783772490317105,967.105,22847.71427444444,59.87,49.66666561111109,68.6125,53.50582205555551,41.8570725,63.783772490317105,South
10,2014,Patos de Minas,MG,BRS 208,12/03/2014,Azimut,QoI+DMI,AZOX+TEBU,4,0.125,10,3035.5,0.013250000000000001,3.878968253968258,1.892857142857142,9866.825396825383,0.2051418055555551,2740,9866.825396825383,3.175,3.878968253968258,23.25,1.892857142857142,0.732,0.2051418055555551,North
10,2014,Patos de Minas,MG,BRS 208,12/03/2014,check,check,AACHECK,4,3.175,23.25,2740,0.732,3.878968253968258,1.892857142857142,9866.825396825383,0.2051418055555551,2740,9866.825396825383,3.175,3.878968253968258,23.25,1.892857142857142,0.732,0.2051418055555551,North
10,2014,Patos de Minas,MG,BRS 208,12/03/2014,Fox,QoI+DMI,TFLX+PROT,4,0.1,7.5,3104.5,0.007500000000000001,3.878968253968258,1.892857142857142,9866.825396825383,0.2051418055555551,2740,9866.825396825383,3.175,3.878968253968258,23.25,1.892857142857142,0.732,0.2051418055555551,North
10,2014,Patos de Minas,MG,BRS 208,12/03/2014,Nativo,QoI+DMI,TFLX+TEBU,4,0.175,12,2942.5,0.021500000000000002,3.878968253968258,1.892857142857142,9866.825396825383,0.2051418055555551,2740,9866.825396825383,3.175,3.878968253968258,23.25,1.892857142857142,0.732,0.2051418055555551,North
10,2014,Patos de Minas,MG,BRS 208,12/03/2014,Tebuco Nortox,DMI,TEBU,4,0.125,10,2994.5,0.013000000000000001,3.878968253968258,1.892857142857142,9866.825396825383,0.2051418055555551,2740,9866.825396825383,3.175,3.878968253968258,23.25,1.892857142857142,0.732,0.2051418055555551,North
10,2014,Patos de Minas,MG,BRS 208,12/03/2014,Unizeb800WP,DTC,MANC,4,0.1,8,3077,0.008,3.878968253968258,1.892857142857142,9866.825396825383,0.2051418055555551,2740,9866.825396825383,3.175,3.878968253968258,23.25,1.892857142857142,0.732,0.2051418055555551,North
11,2014,Patos de Minas,MG,BRS 264,10/04/2014,Azimut,QoI+DMI,AZOX+TEBU,4,0,2.75,4310.75,0,0.5813095238095239,3.000000000000001,15975.535714285785,0.00586003571428571,4276.25,15975.535714285785,1.075,0.5813095238095239,7.25,3.000000000000001,0.10625,0.00586003571428571,North
11,2014,Patos de Minas,MG,BRS 264,10/04/2014,check,check,AACHECK,4,1.075,7.25,4276.25,0.10625,0.5813095238095239,3.000000000000001,15975.535714285785,0.00586003571428571,4276.25,15975.535714285785,1.075,0.5813095238095239,7.25,3.000000000000001,0.10625,0.00586003571428571,North
11,2014,Patos de Minas,MG,BRS 264,10/04/2014,Fox,QoI+DMI,TFLX+PROT,4,0,2.25,4299.75,0,0.5813095238095239,3.000000000000001,15975.535714285785,0.00586003571428571,4276.25,15975.535714285785,1.075,0.5813095238095239,7.25,3.000000000000001,0.10625,0.00586003571428571,North
11,2014,Patos de Minas,MG,BRS 264,10/04/2014,Nativo,QoI+DMI,TFLX+TEBU,4,0,3.75,4308.25,0,0.5813095238095239,3.000000000000001,15975.535714285785,0.00586003571428571,4276.25,15975.535714285785,1.075,0.5813095238095239,7.25,3.000000000000001,0.10625,0.00586003571428571,North
11,2014,Patos de Minas,MG,BRS 264,10/04/2014,Tebuco Nortox,DMI,TEBU,4,0,1.75,4307.5,0,0.5813095238095239,3.000000000000001,15975.535714285785,0.00586003571428571,4276.25,15975.535714285785,1.075,0.5813095238095239,7.25,3.000000000000001,0.10625,0.00586003571428571,North
11,2014,Patos de Minas,MG,BRS 264,10/04/2014,Unizeb800WP,DTC,MANC,4,0,1.75,4332.5,0,0.5813095238095239,3.000000000000001,15975.535714285785,0.00586003571428571,4276.25,15975.535714285785,1.075,0.5813095238095239,7.25,3.000000000000001,0.10625,0.00586003571428571,North
12,2014,Planaltina,DF,BRS 208,13/02/2014,Azimut,QoI+DMI,AZOX+TEBU,4,93.5,100,74.50750000000001,93.5,59.143650793650835,2.0194839173657898e-28,289.54167380952356,59.143650793650835,15.6175,289.54167380952356,97.825,59.143650793650835,100,2.0194839173657898e-28,97.825,59.143650793650835,North
12,2014,Planaltina,DF,BRS 208,13/02/2014,check,check,AACHECK,4,97.825,100,15.6175,97.825,59.143650793650835,2.0194839173657898e-28,289.54167380952356,59.143650793650835,15.6175,289.54167380952356,97.825,59.143650793650835,100,2.0194839173657898e-28,97.825,59.143650793650835,North
12,2014,Planaltina,DF,BRS 208,13/02/2014,Fox,QoI+DMI,TFLX+PROT,4,87.05,100,39.9275,87.05,59.143650793650835,2.0194839173657898e-28,289.54167380952356,59.143650793650835,15.6175,289.54167380952356,97.825,59.143650793650835,100,2.0194839173657898e-28,97.825,59.143650793650835,North
12,2014,Planaltina,DF,BRS 208,13/02/2014,Nativo,QoI+DMI,TFLX+TEBU,4,90.475,100,37.4975,90.475,59.143650793650835,2.0194839173657898e-28,289.54167380952356,59.143650793650835,15.6175,289.54167380952356,97.825,59.143650793650835,100,2.0194839173657898e-28,97.825,59.143650793650835,North
12,2014,Planaltina,DF,BRS 208,13/02/2014,Tebuco Nortox,DMI,TEBU,4,97.225,100,50.365,97.225,59.143650793650835,2.0194839173657898e-28,289.54167380952356,59.143650793650835,15.6175,289.54167380952356,97.825,59.143650793650835,100,2.0194839173657898e-28,97.825,59.143650793650835,North
12,2014,Planaltina,DF,BRS 208,13/02/2014,Unizeb800WP,DTC,MANC,4,78.95,100,83.475,78.95,59.143650793650835,2.0194839173657898e-28,289.54167380952356,59.143650793650835,15.6175,289.54167380952356,97.825,59.143650793650835,100,2.0194839173657898e-28,97.825,59.143650793650835,North
13,2014,Londrina,PR,MARFIM,03/03/2014,Azimut,QoI+DMI,AZOX+TEBU,4,54.1375,76.25,1396.11,44.724625,200.9354567460318,391.70634920634893,29142.734879365107,401.04628323845236,901.435,29142.734879365107,78.8875,200.9354567460318,98.5,391.70634920634893,77.65875,401.04628323845236,South
13,2014,Londrina,PR,MARFIM,03/03/2014,check,check,AACHECK,4,78.8875,98.5,901.435,77.65875,200.9354567460318,391.70634920634893,29142.734879365107,401.04628323845236,901.435,29142.734879365107,78.8875,200.9354567460318,98.5,391.70634920634893,77.65875,401.04628323845236,South
13,2014,Londrina,PR,MARFIM,03/03/2014,Fox,QoI+DMI,TFLX+PROT,4,56.475,76.5,1363.755,46.326,200.9354567460318,391.70634920634893,29142.734879365107,401.04628323845236,901.435,29142.734879365107,78.8875,200.9354567460318,98.5,391.70634920634893,77.65875,401.04628323845236,South
13,2014,Londrina,PR,MARFIM,03/03/2014,Nativo,QoI+DMI,TFLX+TEBU,4,58.707499999999996,86.75,1298.58,53.549600000000005,200.9354567460318,391.70634920634893,29142.734879365107,401.04628323845236,901.435,29142.734879365107,78.8875,200.9354567460318,98.5,391.70634920634893,77.65875,401.04628323845236,South
13,2014,Londrina,PR,MARFIM,03/03/2014,Tebuco Nortox,DMI,TEBU,4,56.037499999999994,81,1163.76,46.909749999999995,200.9354567460318,391.70634920634893,29142.734879365107,401.04628323845236,901.435,29142.734879365107,78.8875,200.9354567460318,98.5,391.70634920634893,77.65875,401.04628323845236,South
13,2014,Londrina,PR,MARFIM,03/03/2014,Unizeb800WP,DTC,MANC,4,39.8875,68.25,1799.7350000000001,32.38575,200.9354567460318,391.70634920634893,29142.734879365107,401.04628323845236,901.435,29142.734879365107,78.8875,200.9354567460318,98.5,391.70634920634893,77.65875,401.04628323845236,South
14,2014,Londrina,PR,MARFIM,13/03/2014,Azimut,QoI+DMI,AZOX+TEBU,4,73.75,58.75,1050.1875,43.75,41.412698412698404,55.6547619047618,12325.880098412697,50.495228174603255,518.74,12325.880098412697,94.5,41.412698412698404,87.5,55.6547619047618,82.6125,50.495228174603255,South
14,2014,Londrina,PR,MARFIM,13/03/2014,check,check,AACHECK,4,94.5,87.5,518.74,82.6125,41.412698412698404,55.6547619047618,12325.880098412697,50.495228174603255,518.74,12325.880098412697,94.5,41.412698412698404,87.5,55.6547619047618,82.6125,50.495228174603255,South
14,2014,Londrina,PR,MARFIM,13/03/2014,Fox,QoI+DMI,TFLX+PROT,4,76.25,57.5,974.4925,43.875,41.412698412698404,55.6547619047618,12325.880098412697,50.495228174603255,518.74,12325.880098412697,94.5,41.412698412698404,87.5,55.6547619047618,82.6125,50.495228174603255,South
14,2014,Londrina,PR,MARFIM,13/03/2014,Nativo,QoI+DMI,TFLX+TEBU,4,77.5,65,928.095,50.0625,41.412698412698404,55.6547619047618,12325.880098412697,50.495228174603255,518.74,12325.880098412697,94.5,41.412698412698404,87.5,55.6547619047618,82.6125,50.495228174603255,South
14,2014,Londrina,PR,MARFIM,13/03/2014,Tebuco Nortox,DMI,TEBU,4,77.5,60,935.1225,46.375,41.412698412698404,55.6547619047618,12325.880098412697,50.495228174603255,518.74,12325.880098412697,94.5,41.412698412698404,87.5,55.6547619047618,82.6125,50.495228174603255,South
14,2014,Londrina,PR,MARFIM,13/03/2014,Unizeb800WP,DTC,MANC,4,55,32.5,1687.5,18.125,41.412698412698404,55.6547619047618,12325.880098412697,50.495228174603255,518.74,12325.880098412697,94.5,41.412698412698404,87.5,55.6547619047618,82.6125,50.495228174603255,South
15,2014,Itaberá,SP,QUARTZO,18/03/2014,Azimut,QoI+DMI,AZOX+TEBU,4,16.6325,32.195,2400.1475,5.6599015,17.30505000000001,57.94663134920635,54916.970665476234,8.514469605806262,2173.0525,54916.970665476234,28.677500000000002,17.30505000000001,49.13,57.94663134920635,14.482553500000002,8.514469605806262,South
15,2014,Itaberá,SP,QUARTZO,18/03/2014,check,check,AACHECK,4,28.677500000000002,49.13,2173.0525,14.482553500000002,17.30505000000001,57.94663134920635,54916.970665476234,8.514469605806262,2173.0525,54916.970665476234,28.677500000000002,17.30505000000001,49.13,57.94663134920635,14.482553500000002,8.514469605806262,South
15,2014,Itaberá,SP,QUARTZO,18/03/2014,Fox,QoI+DMI,TFLX+PROT,4,19.794999999999998,35.6975,2688.9800000000005,6.932536499999999,17.30505000000001,57.94663134920635,54916.970665476234,8.514469605806262,2173.0525,54916.970665476234,28.677500000000002,17.30505000000001,49.13,57.94663134920635,14.482553500000002,8.514469605806262,South
15,2014,Itaberá,SP,QUARTZO,18/03/2014,Nativo,QoI+DMI,TFLX+TEBU,4,17.880000000000003,31.900000000000002,2593.3050000000003,5.714060250000001,17.30505000000001,57.94663134920635,54916.970665476234,8.514469605806262,2173.0525,54916.970665476234,28.677500000000002,17.30505000000001,49.13,57.94663134920635,14.482553500000002,8.514469605806262,South
15,2014,Itaberá,SP,QUARTZO,18/03/2014,Tebuco Nortox,DMI,TEBU,4,18.322499999999998,32.785000000000004,2403.4725,6.102301000000001,17.30505000000001,57.94663134920635,54916.970665476234,8.514469605806262,2173.0525,54916.970665476234,28.677500000000002,17.30505000000001,49.13,57.94663134920635,14.482553500000002,8.514469605806262,South
15,2014,Itaberá,SP,QUARTZO,18/03/2014,Unizeb800WP,DTC,MANC,4,12.965,24.18,2882.4325,3.3773394999999997,17.30505000000001,57.94663134920635,54916.970665476234,8.514469605806262,2173.0525,54916.970665476234,28.677500000000002,17.30505000000001,49.13,57.94663134920635,14.482553500000002,8.514469605806262,South
16,2014,Palotina,PR,CD 111,04/04/2014,Azimut,QoI+DMI,AZOX+TEBU,4,37.875,77.25,2289.5,30.3075,43.446038492063465,80.68650793650801,50059.90476190485,44.88022605567455,1281.25,50059.90476190485,44.575,43.446038492063465,86,80.68650793650801,37.90825,44.88022605567455,South
16,2014,Palotina,PR,CD 111,04/04/2014,check,check,AACHECK,4,44.575,86,1281.25,37.90825,43.446038492063465,80.68650793650801,50059.90476190485,44.88022605567455,1281.25,50059.90476190485,44.575,43.446038492063465,86,80.68650793650801,37.90825,44.88022605567455,South
16,2014,Palotina,PR,CD 111,04/04/2014,Fox,QoI+DMI,TFLX+PROT,4,28.575,94,2139.5,26.9075,43.446038492063465,80.68650793650801,50059.90476190485,44.88022605567455,1281.25,50059.90476190485,44.575,43.446038492063465,86,80.68650793650801,37.90825,44.88022605567455,South
16,2014,Palotina,PR,CD 111,04/04/2014,Nativo,QoI+DMI,TFLX+TEBU,4,20.325,84.5,2156.25,17.397000000000002,43.446038492063465,80.68650793650801,50059.90476190485,44.88022605567455,1281.25,50059.90476190485,44.575,43.446038492063465,86,80.68650793650801,37.90825,44.88022605567455,South
16,2014,Palotina,PR,CD 111,04/04/2014,Tebuco Nortox,DMI,TEBU,4,28.275,89.5,2387.5,25.4095,43.446038492063465,80.68650793650801,50059.90476190485,44.88022605567455,1281.25,50059.90476190485,44.575,43.446038492063465,86,80.68650793650801,37.90825,44.88022605567455,South
16,2014,Palotina,PR,CD 111,04/04/2014,Unizeb800WP,DTC,MANC,4,29.205,82.75,2195.75,24.171125,43.446038492063465,80.68650793650801,50059.90476190485,44.88022605567455,1281.25,50059.90476190485,44.575,43.446038492063465,86,80.68650793650801,37.90825,44.88022605567455,South
17,2014,Palmeira,PR,MARFIM,20/06/2014,Azimut,QoI+DMI,AZOX+TEBU,4,1.94,10.5,3495.1825,0.214225,3.502881746031747,15.66269841269842,17062.42456388874,0.5762493826587305,2760.985,17062.42456388874,14.615,3.502881746031747,30,15.66269841269842,4.4979000000000005,0.5762493826587305,South
17,2014,Palmeira,PR,MARFIM,20/06/2014,check,check,AACHECK,4,14.615,30,2760.985,4.4979000000000005,3.502881746031747,15.66269841269842,17062.42456388874,0.5762493826587305,2760.985,17062.42456388874,14.615,3.502881746031747,30,15.66269841269842,4.4979000000000005,0.5762493826587305,South
17,2014,Palmeira,PR,MARFIM,20/06/2014,Fox,QoI+DMI,TFLX+PROT,4,3.205,15.25,3377.44,0.5156,3.502881746031747,15.66269841269842,17062.42456388874,0.5762493826587305,2760.985,17062.42456388874,14.615,3.502881746031747,30,15.66269841269842,4.4979000000000005,0.5762493826587305,South
17,2014,Palmeira,PR,MARFIM,20/06/2014,Nativo,QoI+DMI,TFLX+TEBU,4,4.9275,15.5,3215.8175,0.773925,3.502881746031747,15.66269841269842,17062.42456388874,0.5762493826587305,2760.985,17062.42456388874,14.615,3.502881746031747,30,15.66269841269842,4.4979000000000005,0.5762493826587305,South
17,2014,Palmeira,PR,MARFIM,20/06/2014,Tebuco Nortox,DMI,TEBU,4,3.6,14.25,3486.765,0.5530499999999999,3.502881746031747,15.66269841269842,17062.42456388874,0.5762493826587305,2760.985,17062.42456388874,14.615,3.502881746031747,30,15.66269841269842,4.4979000000000005,0.5762493826587305,South
17,2014,Palmeira,PR,MARFIM,20/06/2014,Unizeb800WP,DTC,MANC,4,6.2325,16.5,3179.0950000000003,1.11805,3.502881746031747,15.66269841269842,17062.42456388874,0.5762493826587305,2760.985,17062.42456388874,14.615,3.502881746031747,30,15.66269841269842,4.4979000000000005,0.5762493826587305,South
18,2014,Palmeira,PR,TBIO TIBAGI,20/06/2014,Azimut,QoI+DMI,AZOX+TEBU,4,2.4575,12.75,3309.3425,0.31485,3.182719841269848,2.448412698412707,20828.558217063488,0.6330246569047627,2937.0474999999997,20828.558217063488,22.105,3.182719841269848,36.25,2.448412698412707,8.07725,0.6330246569047627,South
18,2014,Palmeira,PR,TBIO TIBAGI,20/06/2014,check,check,AACHECK,4,22.105,36.25,2937.0474999999997,8.07725,3.182719841269848,2.448412698412707,20828.558217063488,0.6330246569047627,2937.0474999999997,20828.558217063488,22.105,3.182719841269848,36.25,2.448412698412707,8.07725,0.6330246569047627,South
18,2014,Palmeira,PR,TBIO TIBAGI,20/06/2014,Fox,QoI+DMI,TFLX+PROT,4,4.375,21,3242.2275,0.917875,3.182719841269848,2.448412698412707,20828.558217063488,0.6330246569047627,2937.0474999999997,20828.558217063488,22.105,3.182719841269848,36.25,2.448412698412707,8.07725,0.6330246569047627,South
18,2014,Palmeira,PR,TBIO TIBAGI,20/06/2014,Nativo,QoI+DMI,TFLX+TEBU,4,7.012499999999999,22,3186.7650000000003,1.543625,3.182719841269848,2.448412698412707,20828.558217063488,0.6330246569047627,2937.0474999999997,20828.558217063488,22.105,3.182719841269848,36.25,2.448412698412707,8.07725,0.6330246569047627,South
18,2014,Palmeira,PR,TBIO TIBAGI,20/06/2014,Tebuco Nortox,DMI,TEBU,4,5.1375,21,3215.4525000000003,1.07375,3.182719841269848,2.448412698412707,20828.558217063488,0.6330246569047627,2937.0474999999997,20828.558217063488,22.105,3.182719841269848,36.25,2.448412698412707,8.07725,0.6330246569047627,South
18,2014,Palmeira,PR,TBIO TIBAGI,20/06/2014,Unizeb800WP,DTC,MANC,4,10.5,26.5,3028.7225,2.79075,3.182719841269848,2.448412698412707,20828.558217063488,0.6330246569047627,2937.0474999999997,20828.558217063488,22.105,3.182719841269848,36.25,2.448412698412707,8.07725,0.6330246569047627,South
19,2015,Londrina,PR,IPRCaturaraTM,10/03/2015,check,check,AACHECK,4,83.95,87.5,71,74.2154,114.20060930451113,95.74451127819547,48379.529135338344,128.76131481921044,71,48379.529135338344,83.95,114.20060930451113,87.5,95.74451127819547,74.2154,128.76131481921044,South
19,2015,Londrina,PR,IPRCaturaraTM,10/03/2015,Fox,QoI+DMI,TFLX+PROT,4,27.75,36.875,863.75,10.860899999999999,114.20060930451113,95.74451127819547,48379.529135338344,128.76131481921044,71,48379.529135338344,83.95,114.20060930451113,87.5,95.74451127819547,74.2154,128.76131481921044,South
19,2015,Londrina,PR,IPRCaturaraTM,10/03/2015,Manzate800WP,DTC,MANC,4,33.95,43.975,507.25,15.5563,114.20060930451113,95.74451127819547,48379.529135338344,128.76131481921044,71,48379.529135338344,83.95,114.20060930451113,87.5,95.74451127819547,74.2154,128.76131481921044,South
19,2015,Londrina,PR,IPRCaturaraTM,10/03/2015,Nativo,QoI+DMI,TFLX+TEBU,4,48.375,63.65,561.75,31.80965,114.20060930451113,95.74451127819547,48379.529135338344,128.76131481921044,71,48379.529135338344,83.95,114.20060930451113,87.5,95.74451127819547,74.2154,128.76131481921044,South
19,2015,Londrina,PR,IPRCaturaraTM,10/03/2015,Unizeb Gold,DTC,MANC,4,31.1975,51.225,701.5,16.257350000000002,114.20060930451113,95.74451127819547,48379.529135338344,128.76131481921044,71,48379.529135338344,83.95,114.20060930451113,87.5,95.74451127819547,74.2154,128.76131481921044,South
20,2015,Londrina,PR,IPRCaturaraTM,10/04/2015,check,check,AACHECK,4,68.875,31.8075,761.27,22.7910125,107.45384615384637,8.864353846153879,9583.74160942308,21.768305306601004,761.27,9583.74160942308,68.875,107.45384615384637,31.8075,8.864353846153879,22.7910125,21.768305306601004,South
20,2015,Londrina,PR,IPRCaturaraTM,10/04/2015,Fox,QoI+DMI,TFLX+PROT,4,45.125,14.4775,984.2375,6.732562499999999,107.45384615384637,8.864353846153879,9583.74160942308,21.768305306601004,761.27,9583.74160942308,68.875,107.45384615384637,31.8075,8.864353846153879,22.7910125,21.768305306601004,South
20,2015,Londrina,PR,IPRCaturaraTM,10/04/2015,Manzate800WP,DTC,MANC,4,18.625,3.5125,1226.0875,0.655125,107.45384615384637,8.864353846153879,9583.74160942308,21.768305306601004,761.27,9583.74160942308,68.875,107.45384615384637,31.8075,8.864353846153879,22.7910125,21.768305306601004,South
20,2015,Londrina,PR,IPRCaturaraTM,10/04/2015,Nativo,QoI+DMI,TFLX+TEBU,4,45.875,18.2275,960.67,8.4352375,107.45384615384637,8.864353846153879,9583.74160942308,21.768305306601004,761.27,9583.74160942308,68.875,107.45384615384637,31.8075,8.864353846153879,22.7910125,21.768305306601004,South
20,2015,Londrina,PR,IPRCaturaraTM,10/04/2015,Unizeb Gold,DTC,MANC,4,24.625,4.5625,1305.26,1.2660624999999999,107.45384615384637,8.864353846153879,9583.74160942308,21.768305306601004,761.27,9583.74160942308,68.875,107.45384615384637,31.8075,8.864353846153879,22.7910125,21.768305306601004,South
21,2015,Palmeira,PR,CELEBRA,10/06/2015,Azimut,QoI+DMI,AZOX+TEBU,4,10.5,1.94,1485.3825,0.214225,15.66269841269842,3.502881746031747,20557.70523412695,0.5762493826587305,1100.59,20557.70523412695,30,15.66269841269842,14.615,3.502881746031747,4.4979000000000005,0.5762493826587305,South
21,2015,Palmeira,PR,CELEBRA,10/06/2015,check,check,AACHECK,4,30,14.615,1100.59,4.4979000000000005,15.66269841269842,3.502881746031747,20557.70523412695,0.5762493826587305,1100.59,20557.70523412695,30,15.66269841269842,14.615,3.502881746031747,4.4979000000000005,0.5762493826587305,South
21,2015,Palmeira,PR,CELEBRA,10/06/2015,Fox,QoI+DMI,TFLX+PROT,4,15.25,3.205,1725.2849999999999,0.5156,15.66269841269842,3.502881746031747,20557.70523412695,0.5762493826587305,1100.59,20557.70523412695,30,15.66269841269842,14.615,3.502881746031747,4.4979000000000005,0.5762493826587305,South
21,2015,Palmeira,PR,CELEBRA,10/06/2015,Nativo,QoI+DMI,TFLX+TEBU,4,15.5,4.9275,1453.795,0.773925,15.66269841269842,3.502881746031747,20557.70523412695,0.5762493826587305,1100.59,20557.70523412695,30,15.66269841269842,14.615,3.502881746031747,4.4979000000000005,0.5762493826587305,South
21,2015,Palmeira,PR,CELEBRA,10/06/2015,Unizeb800WP,DTC,MANC,4,16.5,6.2325,1628.0124999999998,1.11805,15.66269841269842,3.502881746031747,20557.70523412695,0.5762493826587305,1100.59,20557.70523412695,30,15.66269841269842,14.615,3.502881746031747,4.4979000000000005,0.5762493826587305,South
22,2015,Itaberá,SP,QUARTZO,13/02/2015,check,check,AACHECK,4,64.1,57.8725,1566.35,39.28198725,277.1173361111106,254.05301388888878,6005.454163888829,360.71355422020156,1566.35,6005.454163888829,64.1,277.1173361111106,57.8725,254.05301388888878,39.28198725,360.71355422020156,South
22,2015,Itaberá,SP,QUARTZO,13/02/2015,Fox,QoI+DMI,TFLX+PROT,4,61.375,51.8475,1640.1225,33.697573999999996,277.1173361111106,254.05301388888878,6005.454163888829,360.71355422020156,1566.35,6005.454163888829,64.1,277.1173361111106,57.8725,254.05301388888878,39.28198725,360.71355422020156,South
22,2015,Itaberá,SP,QUARTZO,13/02/2015,Nativo,QoI+DMI,TFLX+TEBU,4,67.5325,60.62,1447.1799999999998,41.563320250000004,277.1173361111106,254.05301388888878,6005.454163888829,360.71355422020156,1566.35,6005.454163888829,64.1,277.1173361111106,57.8725,254.05301388888878,39.28198725,360.71355422020156,South
23,2015,Campo Verde,MT,BRS 404,10/03/2015,check,check,AACHECK,4,70.2875,100,NA,70.2875,140.01781596638662,125.12838468720817,NA,174.7611292097048,NA,NA,70.2875,140.01781596638662,100,125.12838468720817,70.2875,174.7611292097048,North
23,2015,Campo Verde,MT,BRS 404,10/03/2015,Fox,QoI+DMI,TFLX+PROT,4,54.045,97.5,NA,53.308749999999996,140.01781596638662,125.12838468720817,NA,174.7611292097048,NA,NA,70.2875,140.01781596638662,100,125.12838468720817,70.2875,174.7611292097048,North
23,2015,Campo Verde,MT,BRS 404,10/03/2015,Nativo,QoI+DMI,TFLX+TEBU,4,51.449999999999996,82.5,NA,44.5725,140.01781596638662,125.12838468720817,NA,174.7611292097048,NA,NA,70.2875,140.01781596638662,100,125.12838468720817,70.2875,174.7611292097048,North
23,2015,Campo Verde,MT,BRS 404,10/03/2015,Unizeb Gold,DTC,MANC,4,39.325,85,NA,34.94,140.01781596638662,125.12838468720817,NA,174.7611292097048,NA,NA,70.2875,140.01781596638662,100,125.12838468720817,70.2875,174.7611292097048,North
24,2015,Uberaba,MG,BRS 264,10/03/2015,check,check,AACHECK,4,69.25,41.845,NA,29.298675,34.85833333333332,20.858933333333365,NA,19.293543500666672,NA,NA,69.25,34.85833333333332,41.845,20.858933333333365,29.298675,19.293543500666672,North
24,2015,Uberaba,MG,BRS 264,10/03/2015,Fox,QoI+DMI,TFLX+PROT,4,50,30.630000000000003,NA,16.2905,34.85833333333332,20.858933333333365,NA,19.293543500666672,NA,NA,69.25,34.85833333333332,41.845,20.858933333333365,29.298675,19.293543500666672,North
24,2015,Uberaba,MG,BRS 264,10/03/2015,Nativo,QoI+DMI,TFLX+TEBU,4,55,30.4,NA,17.2609,34.85833333333332,20.858933333333365,NA,19.293543500666672,NA,NA,69.25,34.85833333333332,41.845,20.858933333333365,29.298675,19.293543500666672,North
24,2015,Uberaba,MG,BRS 264,10/03/2015,Unizeb800WP,DTC,MANC,4,66.75,32.38,NA,22.16345,34.85833333333332,20.858933333333365,NA,19.293543500666672,NA,NA,69.25,34.85833333333332,41.845,20.858933333333365,29.298675,19.293543500666672,North
25,2016,Londrina,PR,BRS SABIÁ,21/03/2019,check,check,AACHECK,4,8.5,15.75,1187.75,1.615,9.34586466165413,22.481203007518786,77121.17951127818,0.5506758458646616,1187.75,77121.17951127818,8.5,9.34586466165413,15.75,22.481203007518786,1.615,0.5506758458646616,South
25,2016,Londrina,PR,BRS SABIÁ,21/03/2019,Fox,QoI+DMI,TFLX+PROT,4,8.5,13.25,1755,1.345,9.34586466165413,22.481203007518786,77121.17951127818,0.5506758458646616,1187.75,77121.17951127818,8.5,9.34586466165413,15.75,22.481203007518786,1.615,0.5506758458646616,South
25,2016,Londrina,PR,BRS SABIÁ,21/03/2019,Manzate800WP,DTC,MANC,4,3.25,8.25,1588.75,0.3075,9.34586466165413,22.481203007518786,77121.17951127818,0.5506758458646616,1187.75,77121.17951127818,8.5,9.34586466165413,15.75,22.481203007518786,1.615,0.5506758458646616,South
25,2016,Londrina,PR,BRS SABIÁ,21/03/2019,Nativo,QoI+DMI,TFLX+TEBU,4,5,8,1734.5,0.53,9.34586466165413,22.481203007518786,77121.17951127818,0.5506758458646616,1187.75,77121.17951127818,8.5,9.34586466165413,15.75,22.481203007518786,1.615,0.5506758458646616,South
25,2016,Londrina,PR,BRS SABIÁ,21/03/2019,Unizeb Gold,DTC,MANC,4,3.25,5.75,1266.5,0.245,9.34586466165413,22.481203007518786,77121.17951127818,0.5506758458646616,1187.75,77121.17951127818,8.5,9.34586466165413,15.75,22.481203007518786,1.615,0.5506758458646616,South
26,2016,Palmeira,PR,CELEBRA,25/05/2016,check,check,AACHECK,4,7.925,3.17,2521.69,0.25024250000000003,3.830326923076923,0.120369423076923,34017.86974230761,0.0012685040807692287,2521.69,34017.86974230761,7.925,3.830326923076923,3.17,0.120369423076923,0.25024250000000003,0.0012685040807692287,South
26,2016,Palmeira,PR,CELEBRA,25/05/2016,Fox,QoI+DMI,TFLX+PROT,4,2.2,1.34,2959.4,0.028925,3.830326923076923,0.120369423076923,34017.86974230761,0.0012685040807692287,2521.69,34017.86974230761,7.925,3.830326923076923,3.17,0.120369423076923,0.25024250000000003,0.0012685040807692287,South
26,2016,Palmeira,PR,CELEBRA,25/05/2016,Manzate800WP,DTC,MANC,4,3.125,1.4725,3170.7000000000003,0.04606,3.830326923076923,0.120369423076923,34017.86974230761,0.0012685040807692287,2521.69,34017.86974230761,7.925,3.830326923076923,3.17,0.120369423076923,0.25024250000000003,0.0012685040807692287,South
26,2016,Palmeira,PR,CELEBRA,25/05/2016,Nativo,QoI+DMI,TFLX+TEBU,4,4.85,1.6575,2713.67,0.07561499999999999,3.830326923076923,0.120369423076923,34017.86974230761,0.0012685040807692287,2521.69,34017.86974230761,7.925,3.830326923076923,3.17,0.120369423076923,0.25024250000000003,0.0012685040807692287,South
26,2016,Palmeira,PR,CELEBRA,25/05/2016,Unizeb Gold,DTC,MANC,4,3.15,1.195,3129.545,0.036595,3.830326923076923,0.120369423076923,34017.86974230761,0.0012685040807692287,2521.69,34017.86974230761,7.925,3.830326923076923,3.17,0.120369423076923,0.25024250000000003,0.0012685040807692287,South
27,2016,Planaltina,DF,BRS 208,03/07/2016,check,check,AACHECK,4,7.5,0.75,1449.5,0.07500000000000001,38.888888888888886,0.3888888888888889,79494.58333333333,0.010833333333333328,1449.5,79494.58333333333,7.5,38.888888888888886,0.75,0.3888888888888889,0.07500000000000001,0.010833333333333328,North
27,2016,Planaltina,DF,BRS 208,03/07/2016,Fox,QoI+DMI,TFLX+PROT,4,2.5,0.25,1501.75,0.025,38.888888888888886,0.3888888888888889,79494.58333333333,0.010833333333333328,1449.5,79494.58333333333,7.5,38.888888888888886,0.75,0.3888888888888889,0.07500000000000001,0.010833333333333328,North
27,2016,Planaltina,DF,BRS 208,03/07/2016,Nativo,QoI+DMI,TFLX+TEBU,4,7.5,0.75,1390,0.125,38.888888888888886,0.3888888888888889,79494.58333333333,0.010833333333333328,1449.5,79494.58333333333,7.5,38.888888888888886,0.75,0.3888888888888889,0.07500000000000001,0.010833333333333328,North
27,2016,Planaltina,DF,BRS 208,03/07/2016,Unizeb Gold,DTC,MANC,4,2.5,0.25,1667.25,0.025,38.888888888888886,0.3888888888888889,79494.58333333333,0.010833333333333328,1449.5,79494.58333333333,7.5,38.888888888888886,0.75,0.3888888888888889,0.07500000000000001,0.010833333333333328,North
28,2016,Campo Verde,MT,BRS 404,22/03/2016,check,check,AACHECK,4,62.8,19.5,562,12.3285,70.85062499999998,0.249999999999999,24131.78472222223,3.026260027777776,562,24131.78472222223,62.8,70.85062499999998,19.5,0.249999999999999,12.3285,3.026260027777776,North
28,2016,Campo Verde,MT,BRS 404,22/03/2016,Fox,QoI+DMI,TFLX+PROT,4,66.4,20,683.75,13.280000000000001,70.85062499999998,0.249999999999999,24131.78472222223,3.026260027777776,562,24131.78472222223,62.8,70.85062499999998,19.5,0.249999999999999,12.3285,3.026260027777776,North
28,2016,Campo Verde,MT,BRS 404,22/03/2016,Nativo,QoI+DMI,TFLX+TEBU,4,67.825,20,736.25,13.565,70.85062499999998,0.249999999999999,24131.78472222223,3.026260027777776,562,24131.78472222223,62.8,70.85062499999998,19.5,0.249999999999999,12.3285,3.026260027777776,North
28,2016,Campo Verde,MT,BRS 404,22/03/2016,Unizeb Gold,DTC,MANC,4,54.599999999999994,20,850.75,10.92,70.85062499999998,0.249999999999999,24131.78472222223,3.026260027777776,562,24131.78472222223,62.8,70.85062499999998,19.5,0.249999999999999,12.3285,3.026260027777776,North
29,2017,Campo Verde,MT,BRS 404,22/03/2017,check,check,AACHECK,4,41.25,NA,632.75,NA,16.18611111111111,NA,7873.741666666664,NA,632.75,7873.741666666664,41.25,16.18611111111111,NA,NA,NA,NA,North
29,2017,Campo Verde,MT,BRS 404,22/03/2017,Fox,QoI+DMI,TFLX+PROT,4,29.5,NA,634.5,NA,16.18611111111111,NA,7873.741666666664,NA,632.75,7873.741666666664,41.25,16.18611111111111,NA,NA,NA,NA,North
29,2017,Campo Verde,MT,BRS 404,22/03/2017,Nativo,QoI+DMI,TFLX+TEBU,4,33.75,NA,535.5,NA,16.18611111111111,NA,7873.741666666664,NA,632.75,7873.741666666664,41.25,16.18611111111111,NA,NA,NA,NA,North
30,2017,Campo Verde,MT,BRS 404,22/03/2017,check,check,AACHECK,4,40.5,NA,862.5,NA,37.97222222222222,NA,25240.951388888894,NA,862.5,25240.951388888894,40.5,37.97222222222222,NA,NA,NA,NA,North
30,2017,Campo Verde,MT,BRS 404,22/03/2017,Fox,QoI+DMI,TFLX+PROT,4,30.5,NA,817.5,NA,37.97222222222222,NA,25240.951388888894,NA,862.5,25240.951388888894,40.5,37.97222222222222,NA,NA,NA,NA,North
30,2017,Campo Verde,MT,BRS 404,22/03/2017,Nativo,QoI+DMI,TFLX+TEBU,4,41.75,NA,936.5,NA,37.97222222222222,NA,25240.951388888894,NA,862.5,25240.951388888894,40.5,37.97222222222222,NA,NA,NA,NA,North
30,2017,Campo Verde,MT,BRS 404,22/03/2017,Opera,QoI+DMI,PYRA+EPOX,4,28.5,NA,869.75,NA,37.97222222222222,NA,25240.951388888894,NA,862.5,25240.951388888894,40.5,37.97222222222222,NA,NA,NA,NA,North
30,2017,Campo Verde,MT,BRS 404,22/03/2017,Unizeb Gold,DTC,MANC,4,31.75,NA,1068,NA,37.97222222222222,NA,25240.951388888894,NA,862.5,25240.951388888894,40.5,37.97222222222222,NA,NA,NA,NA,North
31,2017,Planaltina,DF,BRS 404,15/02/2017,check,check,AACHECK,4,5.675,7.6,1231.25,0.42932499999999996,3.0359166666666675,0.5820833333333336,31760.625000000033,0.013753963249999994,1231.25,31760.625000000033,5.675,3.0359166666666675,7.6,0.5820833333333336,0.42932499999999996,0.013753963249999994,North
31,2017,Planaltina,DF,BRS 404,15/02/2017,Fox,QoI+DMI,TFLX+PROT,4,1.8499999999999999,4.1,1033,0.08375,3.0359166666666675,0.5820833333333336,31760.625000000033,0.013753963249999994,1231.25,31760.625000000033,5.675,3.0359166666666675,7.6,0.5820833333333336,0.42932499999999996,0.013753963249999994,North
31,2017,Planaltina,DF,BRS 404,15/02/2017,Nativo,QoI+DMI,TFLX+TEBU,4,3.15,3.95,1220.75,0.12402500000000001,3.0359166666666675,0.5820833333333336,31760.625000000033,0.013753963249999994,1231.25,31760.625000000033,5.675,3.0359166666666675,7.6,0.5820833333333336,0.42932499999999996,0.013753963249999994,North
31,2017,Planaltina,DF,BRS 404,15/02/2017,Tebuco Nortox,DMI,TEBU,4,3,5.575,1301.5,0.180475,3.0359166666666675,0.5820833333333336,31760.625000000033,0.013753963249999994,1231.25,31760.625000000033,5.675,3.0359166666666675,7.6,0.5820833333333336,0.42932499999999996,0.013753963249999994,North
31,2017,Planaltina,DF,BRS 404,15/02/2017,Unizeb Gold,DTC,MANC,4,2.625,6.175,1243.25,0.1781,3.0359166666666675,0.5820833333333336,31760.625000000033,0.013753963249999994,1231.25,31760.625000000033,5.675,3.0359166666666675,7.6,0.5820833333333336,0.42932499999999996,0.013753963249999994,North
32,2017,Palmeira,PR,TBio Toruk,24/06/2017,check,check,AACHECK,4,8.575,27.5,2456,2.362475,0.2819444444444443,21.23655092592593,4891.460648148127,0.05902002305555559,2456,4891.460648148127,8.575,0.2819444444444443,27.5,21.23655092592593,2.362475,0.05902002305555559,South
32,2017,Palmeira,PR,TBio Toruk,24/06/2017,Fox,QoI+DMI,TFLX+PROT,4,2.95,31.675,2870,0.9309999999999999,0.2819444444444443,21.23655092592593,4891.460648148127,0.05902002305555559,2456,4891.460648148127,8.575,0.2819444444444443,27.5,21.23655092592593,2.362475,0.05902002305555559,South
32,2017,Palmeira,PR,TBio Toruk,24/06/2017,Nativo,QoI+DMI,TFLX+TEBU,4,2.45,27.5,2898.25,0.680875,0.2819444444444443,21.23655092592593,4891.460648148127,0.05902002305555559,2456,4891.460648148127,8.575,0.2819444444444443,27.5,21.23655092592593,2.362475,0.05902002305555559,South
32,2017,Palmeira,PR,TBio Toruk,24/06/2017,Opera,QoI+DMI,PYRA+EPOX,4,3.3,32.5,2658.75,1.0749,0.2819444444444443,21.23655092592593,4891.460648148127,0.05902002305555559,2456,4891.460648148127,8.575,0.2819444444444443,27.5,21.23655092592593,2.362475,0.05902002305555559,South
32,2017,Palmeira,PR,TBio Toruk,24/06/2017,Unizeb Gold,DTC,MANC,4,2.325,28.325000000000003,2932,0.66735,0.2819444444444443,21.23655092592593,4891.460648148127,0.05902002305555559,2456,4891.460648148127,8.575,0.2819444444444443,27.5,21.23655092592593,2.362475,0.05902002305555559,South
33,2017,Campo Mourão,PR,BRS 208,20/04/2017,check,check,AACHECK,4,7.075,17.3575,2887.5,1.3534025,12.867149255233496,25.705319157608702,28430.06018518518,0.522861951141707,2887.5,28430.06018518518,7.075,12.867149255233496,17.3575,25.705319157608702,1.3534025,0.522861951141707,South
33,2017,Campo Mourão,PR,BRS 208,20/04/2017,Fox,QoI+DMI,TFLX+PROT,4,1.5,6.1975,3017,0.1307075,12.867149255233496,25.705319157608702,28430.06018518518,0.522861951141707,2887.5,28430.06018518518,7.075,12.867149255233496,17.3575,25.705319157608702,1.3534025,0.522861951141707,South
33,2017,Campo Mourão,PR,BRS 208,20/04/2017,Nativo,QoI+DMI,TFLX+TEBU,4,5.575,6.095,2920.25,0.8802949999999999,12.867149255233496,25.705319157608702,28430.06018518518,0.522861951141707,2887.5,28430.06018518518,7.075,12.867149255233496,17.3575,25.705319157608702,1.3534025,0.522861951141707,South
33,2017,Campo Mourão,PR,BRS 208,20/04/2017,Opera,QoI+DMI,PYRA+EPOX,4,NA,NA,3000.75,NA,12.867149255233496,25.705319157608702,28430.06018518518,0.522861951141707,2887.5,28430.06018518518,7.075,12.867149255233496,17.3575,25.705319157608702,1.3534025,0.522861951141707,South
33,2017,Campo Mourão,PR,BRS 208,20/04/2017,Unizeb Gold,DTC,MANC,4,1.05,4.81,3055.75,0.06354,12.867149255233496,25.705319157608702,28430.06018518518,0.522861951141707,2887.5,28430.06018518518,7.075,12.867149255233496,17.3575,25.705319157608702,1.3534025,0.522861951141707,South
34,2017,Campo Mourão,PR,BRS 208,15/05/2017,check,check,AACHECK,4,1.655,7.1325,2956.75,0.11224050000000001,1.7460365740740726,5.007194212962961,31638.27314814819,0.014958934455652774,2956.75,31638.27314814819,1.655,1.7460365740740726,7.1325,5.007194212962961,0.11224050000000001,0.014958934455652774,South
34,2017,Campo Mourão,PR,BRS 208,15/05/2017,Fox,QoI+DMI,TFLX+PROT,4,1.3125,4.61,2753.75,0.06352125,1.7460365740740726,5.007194212962961,31638.27314814819,0.014958934455652774,2956.75,31638.27314814819,1.655,1.7460365740740726,7.1325,5.007194212962961,0.11224050000000001,0.014958934455652774,South
34,2017,Campo Mourão,PR,BRS 208,15/05/2017,Nativo,QoI+DMI,TFLX+TEBU,4,2.175,7.4025,2833.5,0.174352,1.7460365740740726,5.007194212962961,31638.27314814819,0.014958934455652774,2956.75,31638.27314814819,1.655,1.7460365740740726,7.1325,5.007194212962961,0.11224050000000001,0.014958934455652774,South
34,2017,Campo Mourão,PR,BRS 208,15/05/2017,Opera,QoI+DMI,PYRA+EPOX,4,2.6075,6.2175,2849.25,0.2035445,1.7460365740740726,5.007194212962961,31638.27314814819,0.014958934455652774,2956.75,31638.27314814819,1.655,1.7460365740740726,7.1325,5.007194212962961,0.11224050000000001,0.014958934455652774,South
34,2017,Campo Mourão,PR,BRS 208,15/05/2017,Unizeb Gold,DTC,MANC,4,0.5825,3.6825,2899,0.037185,1.7460365740740726,5.007194212962961,31638.27314814819,0.014958934455652774,2956.75,31638.27314814819,1.655,1.7460365740740726,7.1325,5.007194212962961,0.11224050000000001,0.014958934455652774,South
35,2018,Campo Mourão,PR,BRS 208,06/03/2018,check,check,AACHECK,4,7.205,9.0675,1287.5,0.91675275,9.167193071847509,9.886583101173015,38961.97030791788,0.146841391047897,1287.5,38961.97030791788,7.205,9.167193071847509,9.0675,9.886583101173015,0.91675275,0.146841391047897,South
35,2018,Campo Mourão,PR,BRS 208,06/03/2018,Fox,QoI+DMI,TFLX+PROT,4,1.6125,2.4,1341.75,0.07116700000000001,9.167193071847509,9.886583101173015,38961.97030791788,0.146841391047897,1287.5,38961.97030791788,7.205,9.167193071847509,9.0675,9.886583101173015,0.91675275,0.146841391047897,South
35,2018,Campo Mourão,PR,BRS 208,06/03/2018,Nativo,QoI+DMI,TFLX+TEBU,4,4.2325,5.0649999999999995,1525.75,0.33410124999999996,9.167193071847509,9.886583101173015,38961.97030791788,0.146841391047897,1287.5,38961.97030791788,7.205,9.167193071847509,9.0675,9.886583101173015,0.91675275,0.146841391047897,South
35,2018,Campo Mourão,PR,BRS 208,06/03/2018,Opera,QoI+DMI,PYRA+EPOX,4,4.27,5.69,1661.25,0.29999625,9.167193071847509,9.886583101173015,38961.97030791788,0.146841391047897,1287.5,38961.97030791788,7.205,9.167193071847509,9.0675,9.886583101173015,0.91675275,0.146841391047897,South
35,2018,Campo Mourão,PR,BRS 208,06/03/2018,Unizeb Gold,DTC,MANC,8,3.64625,5.08875,1392.125,0.218996125,9.167193071847509,9.886583101173015,38961.97030791788,0.146841391047897,1287.5,38961.97030791788,7.205,9.167193071847509,9.0675,9.886583101173015,0.91675275,0.146841391047897,South
36,2018,Campo Mourão,PR,BRS 208,29/03/2018,check,check,AACHECK,4,1.49,5.95,2099.25,0.09186625,5.949622543988268,13.786360997067451,78049.51121212119,0.03271560560565101,2099.25,78049.51121212119,1.49,5.949622543988268,5.95,13.786360997067451,0.09186625,0.03271560560565101,South
36,2018,Campo Mourão,PR,BRS 208,29/03/2018,Fox,QoI+DMI,TFLX+PROT,4,0.5325,4.3175,2171.25,0.030831499999999998,5.949622543988268,13.786360997067451,78049.51121212119,0.03271560560565101,2099.25,78049.51121212119,1.49,5.949622543988268,5.95,13.786360997067451,0.09186625,0.03271560560565101,South
36,2018,Campo Mourão,PR,BRS 208,29/03/2018,Nativo,QoI+DMI,TFLX+TEBU,4,0.43,4.3925,2411.5,0.02469525,5.949622543988268,13.786360997067451,78049.51121212119,0.03271560560565101,2099.25,78049.51121212119,1.49,5.949622543988268,5.95,13.786360997067451,0.09186625,0.03271560560565101,South
36,2018,Campo Mourão,PR,BRS 208,29/03/2018,Opera,QoI+DMI,PYRA+EPOX,4,1.12,5.26,NA,0.058644999999999996,5.949622543988268,13.786360997067451,78049.51121212119,0.03271560560565101,2099.25,78049.51121212119,1.49,5.949622543988268,5.95,13.786360997067451,0.09186625,0.03271560560565101,South
36,2018,Campo Mourão,PR,BRS 208,29/03/2018,Unizeb Gold,DTC,MANC,8,2.16125,7.3175,2219,0.222098,5.949622543988268,13.786360997067451,78049.51121212119,0.03271560560565101,2099.25,78049.51121212119,1.49,5.949622543988268,5.95,13.786360997067451,0.09186625,0.03271560560565101,South
37,2018,Campo Verde,MT,BRS 404,24/03/2018,check,check,AACHECK,4,39.0075,68,1000,26.0441,18.7125065740741,40.81111111111118,137418.37777777776,13.54427202096297,1000,137418.37777777776,39.0075,18.7125065740741,68,40.81111111111118,26.0441,13.54427202096297,North
37,2018,Campo Verde,MT,BRS 404,24/03/2018,Fox,QoI+DMI,TFLX+PROT,4,35.6775,74,1500.25,26.416800000000002,18.7125065740741,40.81111111111118,137418.37777777776,13.54427202096297,1000,137418.37777777776,39.0075,18.7125065740741,68,40.81111111111118,26.0441,13.54427202096297,North
37,2018,Campo Verde,MT,BRS 404,24/03/2018,Nativo,QoI+DMI,TFLX+TEBU,4,37.7425,74.25,1250,28.108475,18.7125065740741,40.81111111111118,137418.37777777776,13.54427202096297,1000,137418.37777777776,39.0075,18.7125065740741,68,40.81111111111118,26.0441,13.54427202096297,North
37,2018,Campo Verde,MT,BRS 404,24/03/2018,Opera,QoI+DMI,PYRA+EPOX,4,36.120000000000005,74.25,1645.75,26.815125000000002,18.7125065740741,40.81111111111118,137418.37777777776,13.54427202096297,1000,137418.37777777776,39.0075,18.7125065740741,68,40.81111111111118,26.0441,13.54427202096297,North
37,2018,Campo Verde,MT,BRS 404,24/03/2018,Unizeb Gold,DTC,MANC,4,40.005,71,1729.25,28.42925,18.7125065740741,40.81111111111118,137418.37777777776,13.54427202096297,1000,137418.37777777776,39.0075,18.7125065740741,68,40.81111111111118,26.0441,13.54427202096297,North
38,2018,Palmeira,PR,TBio Toruk,02/07/2018,check,check,AACHECK,4,47.525000000000006,59,2107.3250000000003,28.022750000000002,2.2825394061583593,9.080645161290327,47325.06417888565,1.1086640680901743,2107.3250000000003,47325.06417888565,47.525000000000006,2.2825394061583593,59,9.080645161290327,28.022750000000002,1.1086640680901743,South
38,2018,Palmeira,PR,TBio Toruk,02/07/2018,Fox,QoI+DMI,TFLX+PROT,4,29.175,42.75,2258.7,12.468375,2.2825394061583593,9.080645161290327,47325.06417888565,1.1086640680901743,2107.3250000000003,47325.06417888565,47.525000000000006,2.2825394061583593,59,9.080645161290327,28.022750000000002,1.1086640680901743,South
38,2018,Palmeira,PR,TBio Toruk,02/07/2018,Nativo,QoI+DMI,TFLX+TEBU,4,35.275,43.75,2257.45,15.440999999999999,2.2825394061583593,9.080645161290327,47325.06417888565,1.1086640680901743,2107.3250000000003,47325.06417888565,47.525000000000006,2.2825394061583593,59,9.080645161290327,28.022750000000002,1.1086640680901743,South
38,2018,Palmeira,PR,TBio Toruk,02/07/2018,Opera,QoI+DMI,PYRA+EPOX,4,19.2,34,2222.8,6.59725,2.2825394061583593,9.080645161290327,47325.06417888565,1.1086640680901743,2107.3250000000003,47325.06417888565,47.525000000000006,2.2825394061583593,59,9.080645161290327,28.022750000000002,1.1086640680901743,South
38,2018,Palmeira,PR,TBio Toruk,02/07/2018,Unizeb Gold,DTC,MANC,8,16.18125,32.25,2675.75,5.2409375,2.2825394061583593,9.080645161290327,47325.06417888565,1.1086640680901743,2107.3250000000003,47325.06417888565,47.525000000000006,2.2825394061583593,59,9.080645161290327,28.022750000000002,1.1086640680901743,South
39,2018,Planaltina,DF,BRS 404,09/02/2018,check,check,AACHECK,4,53.5,94.0175,687.1,50.29355,269.05241935483866,62.207433577712635,76325.81106671556,288.5676903436071,687.1,76325.81106671556,53.5,269.05241935483866,94.0175,62.207433577712635,50.29355,288.5676903436071,North
39,2018,Planaltina,DF,BRS 404,09/02/2018,Fox,QoI+DMI,TFLX+PROT,4,45.5,98.7525,1165.825,44.918525,269.05241935483866,62.207433577712635,76325.81106671556,288.5676903436071,687.1,76325.81106671556,53.5,269.05241935483866,94.0175,62.207433577712635,50.29355,288.5676903436071,North
39,2018,Planaltina,DF,BRS 404,09/02/2018,Nativo,QoI+DMI,TFLX+TEBU,4,39.25,85.25,1049.175,35.79,269.05241935483866,62.207433577712635,76325.81106671556,288.5676903436071,687.1,76325.81106671556,53.5,269.05241935483866,94.0175,62.207433577712635,50.29355,288.5676903436071,North
39,2018,Planaltina,DF,BRS 404,09/02/2018,Opera,QoI+DMI,PYRA+EPOX,4,38.5,100,832.925,38.5,269.05241935483866,62.207433577712635,76325.81106671556,288.5676903436071,687.1,76325.81106671556,53.5,269.05241935483866,94.0175,62.207433577712635,50.29355,288.5676903436071,North
39,2018,Planaltina,DF,BRS 404,09/02/2018,Unizeb Gold,DTC,MANC,8,44.375,95.135,1262.9125,42.282875,269.05241935483866,62.207433577712635,76325.81106671556,288.5676903436071,687.1,76325.81106671556,53.5,269.05241935483866,94.0175,62.207433577712635,50.29355,288.5676903436071,North
40,2019,Planaltina,DF,BRS 404,13/02/2019,check,check,AACHECK,4,100,100,59.875,100,1.7589053473831086e-27,1.7589053473831086e-27,1856.5530670087992,1.7589053473831086e-27,59.875,1856.5530670087992,100,1.7589053473831086e-27,100,1.7589053473831086e-27,100,1.7589053473831086e-27,North
40,2019,Planaltina,DF,BRS 404,13/02/2019,Fox,QoI+DMI,TFLX+PROT,4,100,100,120.35499999999999,100,1.7589053473831086e-27,1.7589053473831086e-27,1856.5530670087992,1.7589053473831086e-27,59.875,1856.5530670087992,100,1.7589053473831086e-27,100,1.7589053473831086e-27,100,1.7589053473831086e-27,North
40,2019,Planaltina,DF,BRS 404,13/02/2019,Nativo,QoI+DMI,TFLX+TEBU,4,100,100,121.77000000000001,100,1.7589053473831086e-27,1.7589053473831086e-27,1856.5530670087992,1.7589053473831086e-27,59.875,1856.5530670087992,100,1.7589053473831086e-27,100,1.7589053473831086e-27,100,1.7589053473831086e-27,North
40,2019,Planaltina,DF,BRS 404,13/02/2019,Opera,QoI+DMI,PYRA+EPOX,4,100,100,89.3125,100,1.7589053473831086e-27,1.7589053473831086e-27,1856.5530670087992,1.7589053473831086e-27,59.875,1856.5530670087992,100,1.7589053473831086e-27,100,1.7589053473831086e-27,100,1.7589053473831086e-27,North
40,2019,Planaltina,DF,BRS 404,13/02/2019,Unizeb Gold,DTC,MANC,8,100,100,125.4375,100,1.7589053473831086e-27,1.7589053473831086e-27,1856.5530670087992,1.7589053473831086e-27,59.875,1856.5530670087992,100,1.7589053473831086e-27,100,1.7589053473831086e-27,100,1.7589053473831086e-27,North
41,2019,Guarapuava,PR,TBio Toruk,01/02/2019,check,check,AACHECK,4,92.7925,96.6925,571.643,89.86397475,31.990043548387085,52.90887214076244,174432.13121285036,114.46982219535103,571.643,174432.13121285036,92.7925,31.990043548387085,96.6925,52.90887214076244,89.86397475,114.46982219535103,South
41,2019,Guarapuava,PR,TBio Toruk,01/02/2019,Fox,QoI+DMI,TFLX+PROT,4,92.855,91.53,672.8475,85.15906100000001,31.990043548387085,52.90887214076244,174432.13121285036,114.46982219535103,571.643,174432.13121285036,92.7925,31.990043548387085,96.6925,52.90887214076244,89.86397475,114.46982219535103,South
41,2019,Guarapuava,PR,TBio Toruk,01/02/2019,Nativo,QoI+DMI,TFLX+TEBU,4,85.74000000000001,87.23,245.33599999999998,74.833978,31.990043548387085,52.90887214076244,174432.13121285036,114.46982219535103,571.643,174432.13121285036,92.7925,31.990043548387085,96.6925,52.90887214076244,89.86397475,114.46982219535103,South
41,2019,Guarapuava,PR,TBio Toruk,01/02/2019,Opera,QoI+DMI,PYRA+EPOX,4,94.4825,95.4025,851.365,90.14378825,31.990043548387085,52.90887214076244,174432.13121285036,114.46982219535103,571.643,174432.13121285036,92.7925,31.990043548387085,96.6925,52.90887214076244,89.86397475,114.46982219535103,South
41,2019,Guarapuava,PR,TBio Toruk,01/02/2019,Unizeb Gold,DTC,MANC,8,93.7825,93.04,967.3249999999999,87.40383374999999,31.990043548387085,52.90887214076244,174432.13121285036,114.46982219535103,571.643,174432.13121285036,92.7925,31.990043548387085,96.6925,52.90887214076244,89.86397475,114.46982219535103,South
42,2019,Palmeira,PR,TBio Sinuelo,03/07/2019,check,check,AACHECK,4,16.3,25,607.54075,4.277,13.658064516129034,25.60557184750731,92623.6293995747,1.0070205689149556,607.54075,92623.6293995747,16.3,13.658064516129034,25,25.60557184750731,4.277,1.0070205689149556,South
42,2019,Palmeira,PR,TBio Sinuelo,03/07/2019,Fox,QoI+DMI,TFLX+PROT,4,6.95,9.5,1812.83,0.695,13.658064516129034,25.60557184750731,92623.6293995747,1.0070205689149556,607.54075,92623.6293995747,16.3,13.658064516129034,25,25.60557184750731,4.277,1.0070205689149556,South
42,2019,Palmeira,PR,TBio Sinuelo,03/07/2019,Nativo,QoI+DMI,TFLX+TEBU,4,7.95,11,1722.625,0.891,13.658064516129034,25.60557184750731,92623.6293995747,1.0070205689149556,607.54075,92623.6293995747,16.3,13.658064516129034,25,25.60557184750731,4.277,1.0070205689149556,South
42,2019,Palmeira,PR,TBio Sinuelo,03/07/2019,Opera,QoI+DMI,PYRA+EPOX,4,5.3,4.5,1825.6225,0.234,13.658064516129034,25.60557184750731,92623.6293995747,1.0070205689149556,607.54075,92623.6293995747,16.3,13.658064516129034,25,25.60557184750731,4.277,1.0070205689149556,South
42,2019,Palmeira,PR,TBio Sinuelo,03/07/2019,Unizeb Gold,DTC,MANC,8,9.25,12.75,1537.57625,1.5205,13.658064516129034,25.60557184750731,92623.6293995747,1.0070205689149556,607.54075,92623.6293995747,16.3,13.658064516129034,25,25.60557184750731,4.277,1.0070205689149556,South
43,2020,Campo Mourão,PR,BRS Galha Azul,17/04/2020,check,check,AACHECK,5,0,0,788.019,0,0,0,94826.35693545459,0,788.019,94826.35693545459,0,0,0,0,0,0,South
43,2020,Campo Mourão,PR,BRS Galha Azul,17/04/2020,Fox,QoI+DMI,TFLX+PROT,5,0,0,1376.7259999999999,0,0,0,94826.35693545459,0,788.019,94826.35693545459,0,0,0,0,0,0,South
43,2020,Campo Mourão,PR,BRS Galha Azul,17/04/2020,Nativo,QoI+DMI,TFLX+TEBU,5,0,0,1450.604,0,0,0,94826.35693545459,0,788.019,94826.35693545459,0,0,0,0,0,0,South
43,2020,Campo Mourão,PR,BRS Galha Azul,17/04/2020,Opera,QoI+DMI,PYRA+EPOX,5,0,0,1021.756,0,0,0,94826.35693545459,0,788.019,94826.35693545459,0,0,0,0,0,0,South
43,2020,Campo Mourão,PR,BRS Galha Azul,17/04/2020,Unizeb Gold,DTC,MANC,10,0,0,1497.607,0,0,0,94826.35693545459,0,788.019,94826.35693545459,0,0,0,0,0,0,South
44,2020,Planaltina,DF,BRS 404,10/02/2020,check,check,AACHECK,4,82.895,95.4275,360.1,79.4672875,42.281440322580664,12.640969941348978,18855.867708944264,61.880635417665005,360.1,18855.867708944264,82.895,42.281440322580664,95.4275,12.640969941348978,79.4672875,61.880635417665005,North
44,2020,Planaltina,DF,BRS 404,10/02/2020,Fox,QoI+DMI,TFLX+PROT,4,76.78,99,600.575,76.0185,42.281440322580664,12.640969941348978,18855.867708944264,61.880635417665005,360.1,18855.867708944264,82.895,42.281440322580664,95.4275,12.640969941348978,79.4672875,61.880635417665005,North
44,2020,Planaltina,DF,BRS 404,10/02/2020,Nativo,QoI+DMI,TFLX+TEBU,4,78.595,93.75,571.25,73.6941,42.281440322580664,12.640969941348978,18855.867708944264,61.880635417665005,360.1,18855.867708944264,82.895,42.281440322580664,95.4275,12.640969941348978,79.4672875,61.880635417665005,North
44,2020,Planaltina,DF,BRS 404,10/02/2020,Opera,QoI+DMI,PYRA+EPOX,4,81.975,99.5,499.725,81.5585,42.281440322580664,12.640969941348978,18855.867708944264,61.880635417665005,360.1,18855.867708944264,82.895,42.281440322580664,95.4275,12.640969941348978,79.4672875,61.880635417665005,North
44,2020,Planaltina,DF,BRS 404,10/02/2020,Unizeb Gold,DTC,MANC,8,79.3125,97.5,679.4125,77.316725,42.281440322580664,12.640969941348978,18855.867708944264,61.880635417665005,360.1,18855.867708944264,82.895,42.281440322580664,95.4275,12.640969941348978,79.4672875,61.880635417665005,North
